path	bytes	md5
DATA_LICENSE	18967	3f0fe52f635488f0881aee91b1623754
README.md	4368	6da14af86ef6e16de14c711003827727
SCHEMA.json	44247	e6f219b5165f8c2ba90e87d95eae0556
calls/masked/HG00097_hap1.cpgIsland.masked.bed	2203585	37964af45c63ccf436f3c360c3a4b9df
calls/masked/HG00097_hap2.cpgIsland.masked.bed	2184865	02cf8a17edf0b5f7fca2909bb1717f69
calls/masked/HG00099_hap1.cpgIsland.masked.bed	2249949	ee1d49d2afc46830a51ec146b4f6cc0d
calls/masked/HG00099_hap2.cpgIsland.masked.bed	2213736	6c2e27223d5997010df32d11477e820f
calls/masked/HG00126_hap1.cpgIsland.masked.bed	2157061	e0ea3be91a0e61f51544d3d590cbe213
calls/masked/HG00126_hap2.cpgIsland.masked.bed	2165324	a85a1a2d747a82211e9ca65443b1c5a8
calls/masked/HG00128_hap1.cpgIsland.masked.bed	2164033	cfd4e2230c9d8170a9ab8968b84ea216
calls/masked/HG00128_hap2.cpgIsland.masked.bed	2158766	768280dce066f93608f5a0b72cd79afd
calls/masked/HG00133_hap1.cpgIsland.masked.bed	2161736	0fa659e5e098b1327c2cd0e096b23b4c
calls/masked/HG00133_hap2.cpgIsland.masked.bed	2150485	8dbb621623aa5bfb3f4a164e405d81c2
calls/masked/HG00140_hap1.cpgIsland.masked.bed	2139441	b20accbcdfc039009ce1e04eb9356a8b
calls/masked/HG00140_hap2.cpgIsland.masked.bed	2179260	5f2328b40e837a16d656fa678d3f9625
calls/masked/HG00146_hap1.cpgIsland.masked.bed	2226129	1f85292fe6650c2364c9dbe5d47dfbfe
calls/masked/HG00146_hap2.cpgIsland.masked.bed	2230418	d55adad6e5de2aecee1052311224b837
calls/masked/HG00232_hap1.cpgIsland.masked.bed	2168642	844d30e330f70e27f3ff4fb573285c4d
calls/masked/HG00232_hap2.cpgIsland.masked.bed	2167388	04ebec030d76e02ee6a1446d9f1c23b8
calls/masked/HG00235_hap1.cpgIsland.masked.bed	2185373	c8824833be03e888ba5d38ffed5d1574
calls/masked/HG00235_hap2.cpgIsland.masked.bed	2167535	584c58a08b243fd0736691fdc283e09b
calls/masked/HG00253_hap1.cpgIsland.masked.bed	2187104	5cbd41291179dcf24819a1606d236b22
calls/masked/HG00253_hap2.cpgIsland.masked.bed	2228288	6b030a37e1fa49cd27f4184e51492265
calls/masked/HG00280_hap1.cpgIsland.masked.bed	2177215	76f96afcb9bcea9f9b92b627063c79bd
calls/masked/HG00280_hap2.cpgIsland.masked.bed	2205819	cd27bb4bbb70c9817cdd6fcbba2780ca
calls/masked/HG00290_hap1.cpgIsland.masked.bed	2155857	798e2b270c1e916e2fd1cd121c518922
calls/masked/HG00290_hap2.cpgIsland.masked.bed	2232125	380ae0386813d252c6a06b9d3db15ce3
calls/masked/HG002_mat.cpgIsland.masked.bed	1865765	17fa3bc287867ff92179f5e361e51605
calls/masked/HG002_pat.cpgIsland.masked.bed	1823737	8b20f236df825b835ad589c608380951
calls/masked/HG00320_hap1.cpgIsland.masked.bed	2190524	896ab9a211a903fdb0dbc67f527a4d0d
calls/masked/HG00320_hap2.cpgIsland.masked.bed	2174345	8ca62aef6d4ec93e34e627e2f316b47f
calls/masked/HG00321_hap1.cpgIsland.masked.bed	2108426	0530c801d14fe353f5d47ef0d1f1ae73
calls/masked/HG00321_hap2.cpgIsland.masked.bed	2150869	533aca54d81d97b696de42aa3a586a5a
calls/masked/HG00323_hap1.cpgIsland.masked.bed	2195141	fcaf351d10ad51f803ac162020bcd603
calls/masked/HG00323_hap2.cpgIsland.masked.bed	2165583	aa6add878c6e80094faf08cdb4dd6048
calls/masked/HG00329_hap1.cpgIsland.masked.bed	2114745	bdcd8dc19fa4e7bd5d53750badfa48b4
calls/masked/HG00329_hap2.cpgIsland.masked.bed	2213266	d6058dd159785f90030ba8698b59e015
calls/masked/HG00344_hap1.cpgIsland.masked.bed	2227529	1d39ade1f4e94ea6f432bc00bc1ebd28
calls/masked/HG00344_hap2.cpgIsland.masked.bed	2198216	be1f5324bd8cfe5a04e90d32bef81dee
calls/masked/HG00350_hap1.cpgIsland.masked.bed	2204707	ab28d7c2886574524ce4310e87759893
calls/masked/HG00350_hap2.cpgIsland.masked.bed	2200809	20c3904cd52b603658ca4b39a644fcab
calls/masked/HG00408_mat.cpgIsland.masked.bed	2192455	f907cd756bb13f215bf48b10eff8eec3
calls/masked/HG00408_pat.cpgIsland.masked.bed	2215712	db6dbbf93e54662504388bf60c8c1823
calls/masked/HG00423_mat.cpgIsland.masked.bed	2170690	ceb7ceb394497cad0a26fdb8272961b1
calls/masked/HG00423_pat.cpgIsland.masked.bed	2147406	95f9c7066de471e6996d30999bc14eaf
calls/masked/HG00438_mat.cpgIsland.masked.bed	2155071	29828ef7081fce6564a34507df1a7d4e
calls/masked/HG00438_pat.cpgIsland.masked.bed	2145244	86be06fab95e7da328fa1ff500eef0ba
calls/masked/HG00544_mat.cpgIsland.masked.bed	2169503	c8e1f4eff5a32709f148cc104416654a
calls/masked/HG00544_pat.cpgIsland.masked.bed	2171149	88638c896427b6a370a99a5114004725
calls/masked/HG00558_mat.cpgIsland.masked.bed	2146349	987b2aee7d08f45f034201f1563b0add
calls/masked/HG00558_pat.cpgIsland.masked.bed	2183794	6c93aaf8a983479a885365beebfa9e19
calls/masked/HG00597_mat.cpgIsland.masked.bed	2173248	79b683b1457bab785cff27d58170c089
calls/masked/HG00597_pat.cpgIsland.masked.bed	2181321	0787949124dcfdfda58622e7382fc42a
calls/masked/HG005_mat.cpgIsland.masked.bed	2153610	5d7be6daa3d9d8b6ed4c52f8c18a0fa5
calls/masked/HG005_pat.cpgIsland.masked.bed	2108723	3bf4cc6c9df05cb26605372bbb6247ee
calls/masked/HG00609_mat.cpgIsland.masked.bed	2150479	40a3c9b77269936dcb05c15d5ce153c8
calls/masked/HG00609_pat.cpgIsland.masked.bed	2157616	7a1c6700d259a6873c4265245663aa9d
calls/masked/HG00621_mat.cpgIsland.masked.bed	2178938	bd0a29823d96beddd535173329d770ee
calls/masked/HG00621_pat.cpgIsland.masked.bed	2129000	4566717d22c8d5fcb76574f27ec65076
calls/masked/HG00639_mat.cpgIsland.masked.bed	2204122	6e6f6282ed00963ea19131e5dca23433
calls/masked/HG00639_pat.cpgIsland.masked.bed	2188635	eb5af6e921ab8ab9273858800c1bab1a
calls/masked/HG00642_mat.cpgIsland.masked.bed	2161952	5a1a23e26faeb08e99a9304c19074816
calls/masked/HG00642_pat.cpgIsland.masked.bed	2159544	c75592bc6ec259849c641927d2bf6c1a
calls/masked/HG00658_mat.cpgIsland.masked.bed	2159861	c25bf0c662e2ace73022842f28341d60
calls/masked/HG00658_pat.cpgIsland.masked.bed	2127376	fbf6e656da8529185594d633eba0dc09
calls/masked/HG00673_mat.cpgIsland.masked.bed	2158160	027b9dbbfc232d1e510a40fbc81a22ce
calls/masked/HG00673_pat.cpgIsland.masked.bed	2160959	696b6ad97524c9c36500e31c01176559
calls/masked/HG00706_mat.cpgIsland.masked.bed	2158412	4957090bd43af9cf3e399b01a16f103d
calls/masked/HG00706_pat.cpgIsland.masked.bed	2136325	38b6503e2eecef27c3582f85e000f03e
calls/masked/HG00733_mat.cpgIsland.masked.bed	2225365	b4c7195f16cdea55386f9eea7317b37c
calls/masked/HG00733_pat.cpgIsland.masked.bed	2200151	105dc8cff5082075d57ff4f894384de8
calls/masked/HG00735_mat.cpgIsland.masked.bed	2198692	3b05bd02a75e9df470c26d444f63431e
calls/masked/HG00735_pat.cpgIsland.masked.bed	2204510	aadb02a331ebec6a404c8c14b81485b1
calls/masked/HG00738_mat.cpgIsland.masked.bed	2188754	f2efcedb7b9c6125dada7dd9f182567a
calls/masked/HG00738_pat.cpgIsland.masked.bed	2122754	2a5031327f4b4a57de907fc840347017
calls/masked/HG00741_mat.cpgIsland.masked.bed	2199802	9481e41ac070dc5151e486c243ae5e60
calls/masked/HG00741_pat.cpgIsland.masked.bed	2183032	24d43f7d9501a2318bd9c860e8018594
calls/masked/HG01071_mat.cpgIsland.masked.bed	2159214	7af8b64bb0bdbd3e9e4d7af3984b5fd5
calls/masked/HG01071_pat.cpgIsland.masked.bed	2156752	9d89434f632c789bc39d9a5c633a3d6b
calls/masked/HG01074_mat.cpgIsland.masked.bed	2188926	4bf40b43e1d46ae89b000aa1a4bd2af6
calls/masked/HG01074_pat.cpgIsland.masked.bed	2151916	e33032c528291fdbcf8e0d276f9216a1
calls/masked/HG01081_mat.cpgIsland.masked.bed	2184227	7f5e8cf021d481d593087f1fd2b75b06
calls/masked/HG01081_pat.cpgIsland.masked.bed	2170490	4652cfceea0067aa1f932cd2e8eae0d3
calls/masked/HG01099_mat.cpgIsland.masked.bed	2181137	4f105cedc452ac469291c464f242b7c2
calls/masked/HG01099_pat.cpgIsland.masked.bed	2117978	2c159061f11a49001eca6d88d90080d2
calls/masked/HG01106_mat.cpgIsland.masked.bed	2181190	927c266d40648188f9a65fdcbcb537d5
calls/masked/HG01106_pat.cpgIsland.masked.bed	2121540	5c886cc9b6e98b25b57492afd61345ba
calls/masked/HG01109_mat.cpgIsland.masked.bed	2189842	82e36b66723e1121146ebd980478c8fe
calls/masked/HG01109_pat.cpgIsland.masked.bed	2129416	d052487562951f21d742cc2136605bdb
calls/masked/HG01123_mat.cpgIsland.masked.bed	2142423	7f519486cbe94fb4187ab0a5f55d2978
calls/masked/HG01123_pat.cpgIsland.masked.bed	2165564	085c27f2c42c3d7b265ecce8e57a5c2c
calls/masked/HG01150_mat.cpgIsland.masked.bed	2138944	b5620d288e0cdc0cc45f0de4fbeb4edd
calls/masked/HG01150_pat.cpgIsland.masked.bed	2175813	06b4bd4a867964c80c022dc55084687a
calls/masked/HG01167_hap1.cpgIsland.masked.bed	2123699	82d2136ae5d668036ab9354f8fe09722
calls/masked/HG01167_hap2.cpgIsland.masked.bed	2168018	d0692eece5a2e924409bf6dce1034f93
calls/masked/HG01175_mat.cpgIsland.masked.bed	2163614	0ae30088e5e3f18fa6ae95cf7bc39090
calls/masked/HG01175_pat.cpgIsland.masked.bed	2144461	5dd5049ee989272d818654c4eca334f2
calls/masked/HG01192_mat.cpgIsland.masked.bed	2174523	d128b1d0d94a165fc10365d6b08aefa7
calls/masked/HG01192_pat.cpgIsland.masked.bed	2136811	21630442a5c6bce375e7d9a91e3d21b4
calls/masked/HG01243_mat.cpgIsland.masked.bed	2178275	49fe3d02235bcd68e1f54aa5866c5ca1
calls/masked/HG01243_pat.cpgIsland.masked.bed	2148193	46ffbc75547434abe84bc39f1ed1203f
calls/masked/HG01252_mat.cpgIsland.masked.bed	2178540	dcea1dedcc2199dfb7de00135f6b92d6
calls/masked/HG01252_pat.cpgIsland.masked.bed	2121314	0795446fdc184d4032b500795cb04b1c
calls/masked/HG01255_mat.cpgIsland.masked.bed	2175881	c87ff9cd31b3e4c10ac56c9bceaf4fed
calls/masked/HG01255_pat.cpgIsland.masked.bed	2137182	8c8eba70768c1237d71795d10367b1be
calls/masked/HG01258_mat.cpgIsland.masked.bed	2217517	a83e36b9496ae327646f9fbbdd466519
calls/masked/HG01258_pat.cpgIsland.masked.bed	2096892	2da687f62cb2b8c27f8eba8bb0da223e
calls/masked/HG01261_mat.cpgIsland.masked.bed	2200491	52fc9102b901fc1c330d1d76c718feda
calls/masked/HG01261_pat.cpgIsland.masked.bed	2170057	626360caec97cae7ef211bfbfeaa4c60
calls/masked/HG01346_mat.cpgIsland.masked.bed	2193835	f9800516176cc301af8b76e720482ab2
calls/masked/HG01346_pat.cpgIsland.masked.bed	2198004	6e46d3dc91952790b24b70b55c66a596
calls/masked/HG01358_mat.cpgIsland.masked.bed	2149404	572f9a373dca56f3b4ac1e0896ff5cb6
calls/masked/HG01358_pat.cpgIsland.masked.bed	2133976	c6956330519d7a25f837053e8f89477f
calls/masked/HG01361_mat.cpgIsland.masked.bed	2175009	8eb5cd8839cf3473cc75b3ff814e4c53
calls/masked/HG01361_pat.cpgIsland.masked.bed	2172167	25a66e21f6ce982f2e759dd783f4277f
calls/masked/HG01433_mat.cpgIsland.masked.bed	2157989	392766d061424480768f0148993b3a0b
calls/masked/HG01433_pat.cpgIsland.masked.bed	2170741	3813fef47a34c465a7fd8f5e81c4f284
calls/masked/HG01496_mat.cpgIsland.masked.bed	2127233	41ba3c5782d1fb03c0f9b96a1348b6fb
calls/masked/HG01496_pat.cpgIsland.masked.bed	2190781	492bfe3ba1b246c9aac08721a4899e42
calls/masked/HG01530_hap1.cpgIsland.masked.bed	2171497	737a70eefd909f2e294c00be2c7e9110
calls/masked/HG01530_hap2.cpgIsland.masked.bed	2189723	e9a63eafff243b139b155910ad7237e9
calls/masked/HG01784_hap1.cpgIsland.masked.bed	2197110	71368b8a281d3ccaa04f642a2b540225
calls/masked/HG01784_hap2.cpgIsland.masked.bed	2181270	2e31715c2ef6a92351e9c5b2afd8ffde
calls/masked/HG01786_hap1.cpgIsland.masked.bed	2231305	a8cd82dc16b57503c27508cff25d1981
calls/masked/HG01786_hap2.cpgIsland.masked.bed	2254064	eff9c6b0328e3b90331b306709a97194
calls/masked/HG01884_mat.cpgIsland.masked.bed	2155317	774512ae95b982ed6b38f0b6b30160b3
calls/masked/HG01884_pat.cpgIsland.masked.bed	2164518	c18b564e4ae79e5af7a6f0c7849cdb85
calls/masked/HG01891_mat.cpgIsland.masked.bed	2193943	0c325416eedc9fd08e4e33d94ea90cbf
calls/masked/HG01891_pat.cpgIsland.masked.bed	2209410	92ab5b16c47e4d6ee74d64382fe6a814
calls/masked/HG01928_mat.cpgIsland.masked.bed	2124830	b263ae914da39cf4dde08068386572d5
calls/masked/HG01928_pat.cpgIsland.masked.bed	2090031	8a792aa5979b3285986c5518ac332ad8
calls/masked/HG01934_mat.cpgIsland.masked.bed	2156789	8a66693e64f4b934471cbf370ff8ec13
calls/masked/HG01934_pat.cpgIsland.masked.bed	2101578	94e9374878ac094b2c7c066d3d5de132
calls/masked/HG01940_mat.cpgIsland.masked.bed	2140016	5894477455d7d9be3112289c1e251bd0
calls/masked/HG01940_pat.cpgIsland.masked.bed	2134683	6c49d71d9e628687aee207fb90538537
calls/masked/HG01943_mat.cpgIsland.masked.bed	2220177	a47bf935e30e7501f5313c730b691ce9
calls/masked/HG01943_pat.cpgIsland.masked.bed	2162479	1f71f82e9dd7c7f77a14611657d0fb5a
calls/masked/HG01952_mat.cpgIsland.masked.bed	2165088	45744dd2e02d127427182699d0b32c1f
calls/masked/HG01952_pat.cpgIsland.masked.bed	2184697	74a2dad4e4748ff65bba1d4d40f54bf0
calls/masked/HG01960_mat.cpgIsland.masked.bed	2228735	b7e32de4ef63b2be301ce346f94bf5d7
calls/masked/HG01960_pat.cpgIsland.masked.bed	2169154	9aa6a50aa5d27cf30517910167acec41
calls/masked/HG01969_mat.cpgIsland.masked.bed	2176567	c141202a6e050b9533e707abeffe58b9
calls/masked/HG01969_pat.cpgIsland.masked.bed	2192438	3a8ca01190963100e9504346967ef0ac
calls/masked/HG01975_mat.cpgIsland.masked.bed	2148063	b8fb0a326fa6349772b5c9e6d01cffc1
calls/masked/HG01975_pat.cpgIsland.masked.bed	2180373	fa9aa937529ae3a5f95d2779d60a29e0
calls/masked/HG01978_mat.cpgIsland.masked.bed	2184685	13f163d485d90a59d0172014e7801d73
calls/masked/HG01978_pat.cpgIsland.masked.bed	2194628	276613edf4a531aa7374b204461199d8
calls/masked/HG01981_mat.cpgIsland.masked.bed	2208056	bb805777b99786a1fab34f79fc6e34e2
calls/masked/HG01981_pat.cpgIsland.masked.bed	2199200	ef7263bbc64b6a3b94995ca22ee49f31
calls/masked/HG01993_mat.cpgIsland.masked.bed	2235118	b3fb3d9959b0cb9933cee4e73923876b
calls/masked/HG01993_pat.cpgIsland.masked.bed	2182887	bdd16afcd77c00062ea3ff596e308e54
calls/masked/HG02004_mat.cpgIsland.masked.bed	2199640	d35ce6dad84e66dc7f864037ecb77cae
calls/masked/HG02004_pat.cpgIsland.masked.bed	2215415	5de761fcb4b97fd1b0f9b57c32f820b6
calls/masked/HG02015_mat.cpgIsland.masked.bed	2207270	7c62d8cb5b9c76f420da8b81d32bcfc6
calls/masked/HG02015_pat.cpgIsland.masked.bed	2196031	acce1a8d08fe0733d6d276547c751671
calls/masked/HG02027_mat.cpgIsland.masked.bed	2193709	01d29021d64087fb790b253ea3b0b3ae
calls/masked/HG02027_pat.cpgIsland.masked.bed	2159068	5cc45be2ad65ad4e9a98319c41cf1e50
calls/masked/HG02040_hap1.cpgIsland.masked.bed	2158957	04053815ad80f4aa3ab0abc6360ff7c3
calls/masked/HG02040_hap2.cpgIsland.masked.bed	2180497	0bf2f1195ac96387b1d06570368f884f
calls/masked/HG02055_mat.cpgIsland.masked.bed	2186466	b929d41b55fea5cc092cec48c662ba04
calls/masked/HG02055_pat.cpgIsland.masked.bed	2174563	4109698a7dbbf00ba89289fe7d9776c5
calls/masked/HG02056_mat.cpgIsland.masked.bed	2204918	f42d13678ab63ba217c9bc769f8f644c
calls/masked/HG02056_pat.cpgIsland.masked.bed	2148523	1acfaf716739268b9779bc2e20ef4c43
calls/masked/HG02071_mat.cpgIsland.masked.bed	2175505	69dd2883d2c2eeee5640a1682204fcd6
calls/masked/HG02071_pat.cpgIsland.masked.bed	2141474	3d5c6270e7abc0910d483fcc82481933
calls/masked/HG02074_mat.cpgIsland.masked.bed	2169441	e336e6c919d88c6c6fd0028023681127
calls/masked/HG02074_pat.cpgIsland.masked.bed	2180106	950f9da279929b4e30a673b61ba58c56
calls/masked/HG02080_mat.cpgIsland.masked.bed	2191006	9699758d8f121d095a59e4b040331b2d
calls/masked/HG02080_pat.cpgIsland.masked.bed	2189208	29b57eeda1d3d50ea57481a798d70a9a
calls/masked/HG02083_mat.cpgIsland.masked.bed	2164643	cfde7e3f7e9235adb043b5cb57d1c9eb
calls/masked/HG02083_pat.cpgIsland.masked.bed	2155711	d647e6fcc457d9716e7e238404ef5917
calls/masked/HG02109_mat.cpgIsland.masked.bed	2193304	d2417c2e29be484ba9bf0751d533b996
calls/masked/HG02109_pat.cpgIsland.masked.bed	2187972	e188f59e179e95ffac04fd2a56a6d86b
calls/masked/HG02129_mat.cpgIsland.masked.bed	2215080	38a8ec5bfad58e4d62d641447da0f28a
calls/masked/HG02129_pat.cpgIsland.masked.bed	2157267	f1fd1d0b11eb20e1b4e8268718327cda
calls/masked/HG02132_mat.cpgIsland.masked.bed	2170299	8fadb7b3183539f109c4396a9136ec52
calls/masked/HG02132_pat.cpgIsland.masked.bed	2155994	bd8d564021f8db9255e53f6ec91e5e64
calls/masked/HG02135_mat.cpgIsland.masked.bed	2220778	391b58c5398cc61944e798c515919d86
calls/masked/HG02135_pat.cpgIsland.masked.bed	2203520	eebfc52965d867c0d855cf469cde62d3
calls/masked/HG02145_mat.cpgIsland.masked.bed	2173620	1065dfa92abe5d93c750cdefdf241821
calls/masked/HG02145_pat.cpgIsland.masked.bed	2126609	07864a4aa621a73da83910dba31190b7
calls/masked/HG02148_mat.cpgIsland.masked.bed	2176945	1004cab7384a7647469f66a3d1606442
calls/masked/HG02148_pat.cpgIsland.masked.bed	2216420	c5efe33d629a5cfaa1b2020e58c86a9c
calls/masked/HG02155_hap1.cpgIsland.masked.bed	2208982	821d28321065fabd1d650d8c72edcee2
calls/masked/HG02155_hap2.cpgIsland.masked.bed	2223260	17f5c85b924309af87b46982340e119e
calls/masked/HG02165_hap1.cpgIsland.masked.bed	2180624	8cce973d64d57f6dee0d59202c295f0b
calls/masked/HG02165_hap2.cpgIsland.masked.bed	2186895	3ea00073ec4e4109c60de56dcfb6cc95
calls/masked/HG02178_hap1.cpgIsland.masked.bed	2170420	ff7faef117c048e1204dceb8e58f65d6
calls/masked/HG02178_hap2.cpgIsland.masked.bed	2154694	9c9a75167e4ef2732b91d37825204345
calls/masked/HG02257_mat.cpgIsland.masked.bed	2171706	21e6a6639b48ee8e38c5acfcfc04d480
calls/masked/HG02257_pat.cpgIsland.masked.bed	2186366	05e1cb78eef3b29f4991a21c3c156f15
calls/masked/HG02258_mat.cpgIsland.masked.bed	2153501	3e489057876f1206b0c634759a3e945a
calls/masked/HG02258_pat.cpgIsland.masked.bed	2145101	806f0c1235935483c193bbe337c6362b
calls/masked/HG02273_hap1.cpgIsland.masked.bed	2225289	0d6f68d071ca5cbd24f36f89ff8bbc74
calls/masked/HG02273_hap2.cpgIsland.masked.bed	2217462	e8a6577e920ab3b4daf6baf72c3f00fa
calls/masked/HG02280_mat.cpgIsland.masked.bed	2228919	88cf29475524989bfa408e4e9e75d5cc
calls/masked/HG02280_pat.cpgIsland.masked.bed	2203444	b6cd62e0cda8f71d227370ed45d03e78
calls/masked/HG02293_mat.cpgIsland.masked.bed	2207830	15e481b50ab089a91a1dde37f7d1a74a
calls/masked/HG02293_pat.cpgIsland.masked.bed	2216130	4896d56eee5ac1e25a72215acabab5e9
calls/masked/HG02300_mat.cpgIsland.masked.bed	2197616	456cf1c8a514fa34d22cb9eb1c264751
calls/masked/HG02300_pat.cpgIsland.masked.bed	2213904	3b473ec5546b6cea8d024ce90c1cfda7
calls/masked/HG02391_hap1.cpgIsland.masked.bed	2183875	1cf99a9cc38ff66ea36f0b4998740bfe
calls/masked/HG02391_hap2.cpgIsland.masked.bed	2207474	6dbaf0090a6945307efc43d1fbedf6dd
calls/masked/HG02392_hap1.cpgIsland.masked.bed	2187050	5204bd132c8b7f18c4c249a4f671eef1
calls/masked/HG02392_hap2.cpgIsland.masked.bed	2215796	169605b8462176b5aaa3a41b9432172e
calls/masked/HG02451_mat.cpgIsland.masked.bed	2183709	7ca9ce5879a7fe9f95dfa1724e549ee1
calls/masked/HG02451_pat.cpgIsland.masked.bed	2238577	dfec03ceda82358059ad410bac9081f9
calls/masked/HG02486_mat.cpgIsland.masked.bed	2152000	d715a9aec8d32cd961aa58b5fd2ba704
calls/masked/HG02486_pat.cpgIsland.masked.bed	2113855	54466031c169764a3240bc4ad08179ce
calls/masked/HG02514_mat.cpgIsland.masked.bed	2154932	4c84fe049f2bd2026d75416cb5759afb
calls/masked/HG02514_pat.cpgIsland.masked.bed	2112779	f08c3aa47496fad1e269394dbde3aba8
calls/masked/HG02523_mat.cpgIsland.masked.bed	2149527	130c93888884f284f484963e514036df
calls/masked/HG02523_pat.cpgIsland.masked.bed	2214624	bbaae0e4671226145b537dd283ac3c4b
calls/masked/HG02559_mat.cpgIsland.masked.bed	2198756	d4aee0b2431c88984cc53b3c31163232
calls/masked/HG02559_pat.cpgIsland.masked.bed	2178203	391ad71013e3c932cd966e0e58e99fd9
calls/masked/HG02572_mat.cpgIsland.masked.bed	2162435	5da757d7586a5351256cf4b2e7f4a786
calls/masked/HG02572_pat.cpgIsland.masked.bed	2087936	4806e6cb3ddfd72530ed62d3296a0bac
calls/masked/HG02583_hap1.cpgIsland.masked.bed	2188758	95cbb1527f9021e5f91d45115e278589
calls/masked/HG02583_hap2.cpgIsland.masked.bed	2189209	39de08fb0aee2c641f64fd68fad390fb
calls/masked/HG02602_mat.cpgIsland.masked.bed	2170930	b2056cfab2660a407556f5385661ca48
calls/masked/HG02602_pat.cpgIsland.masked.bed	2125491	812129faa8ce209c74bc5531a9d068fb
calls/masked/HG02615_mat.cpgIsland.masked.bed	2197725	2662003d54c4d530ecb6179cfcad80a6
calls/masked/HG02615_pat.cpgIsland.masked.bed	2198358	1ca4f446b41dcd9370217cb40629160d
calls/masked/HG02622_mat.cpgIsland.masked.bed	2203557	aa2d43a4581e34df88f9e76592934741
calls/masked/HG02622_pat.cpgIsland.masked.bed	2194952	239142a53d8cf0f42f891ad8113ca53b
calls/masked/HG02630_mat.cpgIsland.masked.bed	2219086	9ccc32a39be07a614c89c098d61f8663
calls/masked/HG02630_pat.cpgIsland.masked.bed	2207040	905d85d69322ed1543edb57c2c85351a
calls/masked/HG02647_mat.cpgIsland.masked.bed	2153723	9589724e2041464794e20ef06d2495e3
calls/masked/HG02647_pat.cpgIsland.masked.bed	2096634	fa7cdb40f29d5d40633b3d1719fb11c4
calls/masked/HG02668_mat.cpgIsland.masked.bed	2170940	7f2f1cf5b8b792df698c5f1b1d2ab931
calls/masked/HG02668_pat.cpgIsland.masked.bed	2177017	3f98a483a0a48bd9b06d55eb6c3d3e5c
calls/masked/HG02698_mat.cpgIsland.masked.bed	2195188	40fad9d90ccc7102c591c8582f3e1d15
calls/masked/HG02698_pat.cpgIsland.masked.bed	2152365	d7c54454d8d53fc35620f31495ba6388
calls/masked/HG02717_mat.cpgIsland.masked.bed	2194030	00f1d16c3f7578f0f28ccdf11c9e603f
calls/masked/HG02717_pat.cpgIsland.masked.bed	2126328	9c3fc40d95e02030e750e1b4d36c6fda
calls/masked/HG02723_mat.cpgIsland.masked.bed	2156288	3597bf85f9b7bc6ca2633c01eb13d7bf
calls/masked/HG02723_pat.cpgIsland.masked.bed	2150716	5ab69fc687e24db6f240b40d9e1b6cfe
calls/masked/HG02735_mat.cpgIsland.masked.bed	2205663	938ed6a4c09d93ac60afbdb33e4302b9
calls/masked/HG02735_pat.cpgIsland.masked.bed	2140309	606ed46a3a28b037d5799a920623738c
calls/masked/HG02738_mat.cpgIsland.masked.bed	2181989	1e0f2f409ef49c078ee8fca38b07bcdc
calls/masked/HG02738_pat.cpgIsland.masked.bed	2165607	e4be6edc19f8bdaf232f99f04d903c3a
calls/masked/HG02809_mat.cpgIsland.masked.bed	2194651	2ad7ddc0130b03cb764bd23ec99b792f
calls/masked/HG02809_pat.cpgIsland.masked.bed	2178906	07957d8f704cfd284585ee095a1547ab
calls/masked/HG02818_mat.cpgIsland.masked.bed	2190782	47b06d4cbbaaccbf703fc7418fcb6799
calls/masked/HG02818_pat.cpgIsland.masked.bed	2178859	7cd13a356060373fd258ac0dca445c51
calls/masked/HG02841_mat.cpgIsland.masked.bed	2153536	80ea9c2062b144d72984a3373887df89
calls/masked/HG02841_pat.cpgIsland.masked.bed	2159388	75505da371cdf283dea16d053ee520b7
calls/masked/HG02886_mat.cpgIsland.masked.bed	2191202	943c083951f309f292519714519db268
calls/masked/HG02886_pat.cpgIsland.masked.bed	2219986	e5dad8c0c9aa93609dc0a9c7e1ba8a37
calls/masked/HG02922_hap1.cpgIsland.masked.bed	2234744	955b9efa7f959a18801b6e694dc66900
calls/masked/HG02922_hap2.cpgIsland.masked.bed	2222064	fe5d783bf584fd79dc7e05d7aeef5031
calls/masked/HG02965_hap1.cpgIsland.masked.bed	2144753	9d0d0a61c77b7288b4dbd39cd7401e08
calls/masked/HG02965_hap2.cpgIsland.masked.bed	2169250	2001de3de1231b5a0743f25ddb44e4eb
calls/masked/HG02976_hap1.cpgIsland.masked.bed	2262786	dbe9da19bede955bc4d050d3bee0bc8a
calls/masked/HG02976_hap2.cpgIsland.masked.bed	2229226	226bf5345f1b731aba0e930f59d9d355
calls/masked/HG02984_mat.cpgIsland.masked.bed	2183544	ba3ad3e81a871f1606515cb261b7f27a
calls/masked/HG02984_pat.cpgIsland.masked.bed	2104033	01e7ff220442605c109ca59534068daa
calls/masked/HG03017_mat.cpgIsland.masked.bed	2192708	8d0acba2dfd3548c06373399bb5d6a89
calls/masked/HG03017_pat.cpgIsland.masked.bed	2144025	bbd7cf4e2757e554bfcf06e2449e85e8
calls/masked/HG03041_mat.cpgIsland.masked.bed	2148965	3b5d3d5ed74b46abbda30e1756ba2746
calls/masked/HG03041_pat.cpgIsland.masked.bed	2148885	e505775ce0e14b06e04f2679e800a2d6
calls/masked/HG03050_mat.cpgIsland.masked.bed	2160891	53e137af22453bfa1631bccf7d3e160d
calls/masked/HG03050_pat.cpgIsland.masked.bed	2119816	0cd4cca135f24b3461a124e092e7919a
calls/masked/HG03098_mat.cpgIsland.masked.bed	2178958	432f58dfc95fbe89e33ec071e700f27a
calls/masked/HG03098_pat.cpgIsland.masked.bed	2127997	39331c7ae0a9f1e04d3d0d049fe2fc7a
calls/masked/HG03130_hap1.cpgIsland.masked.bed	2138385	1df1ff300951f21f17120edf78a4b4f8
calls/masked/HG03130_hap2.cpgIsland.masked.bed	2207074	0c1daf4078853e340aa0dc21081ac4cc
calls/masked/HG03139_hap1.cpgIsland.masked.bed	2124756	662a49d95555e751fd4fc89fd3136f92
calls/masked/HG03139_hap2.cpgIsland.masked.bed	2185767	aeed131a11826c70c5793e3171dff798
calls/masked/HG03195_hap1.cpgIsland.masked.bed	2203437	b45a73f38058939009f60235fab78bff
calls/masked/HG03195_hap2.cpgIsland.masked.bed	2171031	8641969e60f288fbc0f418bf66a5f37e
calls/masked/HG03209_hap1.cpgIsland.masked.bed	2096075	e6646f5189154e8e3ca2455a428cbf3a
calls/masked/HG03209_hap2.cpgIsland.masked.bed	2160516	bb98462ed2ac3e9dbb14f64cfb9056af
calls/masked/HG03225_hap1.cpgIsland.masked.bed	2154187	ad79da00076217b85d8ef8644155e0ad
calls/masked/HG03225_hap2.cpgIsland.masked.bed	2202866	815c243aa9d5994f91bf657c7b5d7bbf
calls/masked/HG03239_mat.cpgIsland.masked.bed	2169786	a2e2a7d2205ca33cfaad31995302e1af
calls/masked/HG03239_pat.cpgIsland.masked.bed	2173459	290074566bdffd84c947a53e079b6cfb
calls/masked/HG03270_hap1.cpgIsland.masked.bed	2243666	54950729ead6570510d6d1e6676ffe59
calls/masked/HG03270_hap2.cpgIsland.masked.bed	2219628	51236141f471b35e4e5b6e84b7f6016f
calls/masked/HG03369_hap1.cpgIsland.masked.bed	2244305	5248ae09c6e0f9974838c0beda88d395
calls/masked/HG03369_hap2.cpgIsland.masked.bed	2208131	467598fffd2015812eb874180884a79f
calls/masked/HG03453_mat.cpgIsland.masked.bed	2213741	697e349dfa1a95eb2eec6f61d3fb9827
calls/masked/HG03453_pat.cpgIsland.masked.bed	2190185	78e390f01e170de3bbbdf8fa16404185
calls/masked/HG03470_hap1.cpgIsland.masked.bed	2229732	fe84f1c4982847275faae8496350667b
calls/masked/HG03470_hap2.cpgIsland.masked.bed	2179725	dde767a822b3a3366761377de1b95d15
calls/masked/HG03471_hap1.cpgIsland.masked.bed	2159504	5363e3a8c4455ea4317beb896b28fd90
calls/masked/HG03471_hap2.cpgIsland.masked.bed	2215310	48561c62d687320fa3a38efd6ac2281a
calls/masked/HG03486_mat.cpgIsland.masked.bed	2199131	fb16adf5ffccdfc7c938353507f43d33
calls/masked/HG03486_pat.cpgIsland.masked.bed	2180856	336a7f1219ab5d52a5a8bb35ce62fe56
calls/masked/HG03516_mat.cpgIsland.masked.bed	2162055	0e27fa55b2b79ba32e51a37e2462552d
calls/masked/HG03516_pat.cpgIsland.masked.bed	2165110	9e1939ac6e6c77006d0190440b4554df
calls/masked/HG03521_hap1.cpgIsland.masked.bed	2145107	9eaf9a64ecfc03e816f3988c9ad13237
calls/masked/HG03521_hap2.cpgIsland.masked.bed	2248879	1946cf39961caeff16d47e597d66ff0f
calls/masked/HG03540_mat.cpgIsland.masked.bed	2199856	b4043d30b4f26720533693131a86c65f
calls/masked/HG03540_pat.cpgIsland.masked.bed	2212635	2f757c28c5b71ee4fed377f41560c127
calls/masked/HG03579_mat.cpgIsland.masked.bed	2184976	6b12cbf323e4eace7316e5e4f4233b66
calls/masked/HG03579_pat.cpgIsland.masked.bed	2116287	cdea65e78ba061c086ac18d05fb22983
calls/masked/HG03583_hap1.cpgIsland.masked.bed	2208098	18db5ce7822d43d34c74ab894c250558
calls/masked/HG03583_hap2.cpgIsland.masked.bed	2204058	d391dcf115a8f44db957bf3e9e3db08b
calls/masked/HG03654_mat.cpgIsland.masked.bed	2193101	884c6073efe50b50a6cdb2bae0504a3e
calls/masked/HG03654_pat.cpgIsland.masked.bed	2138904	903a7edf2bef7b30c5222e87a0c4b396
calls/masked/HG03669_mat.cpgIsland.masked.bed	2185664	286648c30c38d6ed20d50474be233d92
calls/masked/HG03669_pat.cpgIsland.masked.bed	2194047	7a7905dccc980bdcd2967cc5987a2c6d
calls/masked/HG03688_mat.cpgIsland.masked.bed	2211985	ffa0f531ad2be8371c18486df7af5ded
calls/masked/HG03688_pat.cpgIsland.masked.bed	2090736	3832cdfd8e921a4c2236581488b26cd9
calls/masked/HG03704_mat.cpgIsland.masked.bed	2176016	7309c3c8abbbacfe02dac2f4d83ca142
calls/masked/HG03704_pat.cpgIsland.masked.bed	2189211	25a1dc13f43868051a9a894c3ef2864c
calls/masked/HG03710_mat.cpgIsland.masked.bed	2168919	1f0fb608006d4babe9a6996765357ec1
calls/masked/HG03710_pat.cpgIsland.masked.bed	2145591	b74fc46b7e567f25a8bdf0c9f0c80d23
calls/masked/HG03742_hap1.cpgIsland.masked.bed	2114565	eb3c30bbd166ab622a7dc12bcded24c4
calls/masked/HG03742_hap2.cpgIsland.masked.bed	2198850	3e093364ce9a1394c6991dc566bdc60b
calls/masked/HG03784_hap1.cpgIsland.masked.bed	2189528	7da2bf25da7be8ec14882063dd6f0da4
calls/masked/HG03784_hap2.cpgIsland.masked.bed	2221687	7d9a72e939a0e646cc988bb6381f034d
calls/masked/HG03804_mat.cpgIsland.masked.bed	2205949	f783f9ff905992993b7f4850b16bdd30
calls/masked/HG03804_pat.cpgIsland.masked.bed	2167528	797c9770efd53008236a52c7852bc5bd
calls/masked/HG03816_mat.cpgIsland.masked.bed	2159531	f026aebfd4839e34c885c173f0471bf5
calls/masked/HG03816_pat.cpgIsland.masked.bed	2174345	5d8314891e4674e8bc14939082c37d4a
calls/masked/HG03831_mat.cpgIsland.masked.bed	2237626	e05acc698f4bd9d0adeaca743285bd9e
calls/masked/HG03831_pat.cpgIsland.masked.bed	2187703	fb61511d436d17d25a870edee2bbe247
calls/masked/HG03834_mat.cpgIsland.masked.bed	2187019	9f561ef5d491eab8194f739d49c22a77
calls/masked/HG03834_pat.cpgIsland.masked.bed	2165341	80b0850b6fda4d49770b311395eb1d0e
calls/masked/HG03874_hap1.cpgIsland.masked.bed	2155127	d62e272ae0d25f127953b47b9bca5b84
calls/masked/HG03874_hap2.cpgIsland.masked.bed	2164728	02955072c45e71ccd1e08bb4eed858d9
calls/masked/HG03927_mat.cpgIsland.masked.bed	2190662	5f92df4c87f0ad40a9b3afdbb65e5070
calls/masked/HG03927_pat.cpgIsland.masked.bed	2187114	e2920b692cb3da0ace2d66c852812acf
calls/masked/HG03942_mat.cpgIsland.masked.bed	2213184	685511621f3701aa9a39665d3c78f2cd
calls/masked/HG03942_pat.cpgIsland.masked.bed	2160328	5c248d2f11d536669408be6cc1014263
calls/masked/HG04115_mat.cpgIsland.masked.bed	2204738	c7364b297e896e9698eea519c5483d40
calls/masked/HG04115_pat.cpgIsland.masked.bed	2145015	57c4d4d94c26ba6dcf77b0aba15b443b
calls/masked/HG04157_mat.cpgIsland.masked.bed	2196154	83eb9adfdc01f933cec8b597f4a6aba4
calls/masked/HG04157_pat.cpgIsland.masked.bed	2128687	952f9ab02783b9a1d8cd5386ca99a44e
calls/masked/HG04160_mat.cpgIsland.masked.bed	2170961	476fa8bbc301905d20dc3a10cd92ea36
calls/masked/HG04160_pat.cpgIsland.masked.bed	2124509	211339f5e305c54f31b581bd62ea79f0
calls/masked/HG04184_mat.cpgIsland.masked.bed	2185395	6b2cf1feaca5f18be7538fe89088ef6e
calls/masked/HG04184_pat.cpgIsland.masked.bed	2193449	bcf55e0853af7b6025d27455bcc85d92
calls/masked/HG04187_mat.cpgIsland.masked.bed	2188961	7a982265ee5d0947a350b20f9a6dd6b4
calls/masked/HG04187_pat.cpgIsland.masked.bed	2147099	1f349134d870f0cc83efc84acf20646a
calls/masked/HG04199_mat.cpgIsland.masked.bed	2203530	7ac1fb7646d13ff02efc518d6810fb70
calls/masked/HG04199_pat.cpgIsland.masked.bed	2126937	2b8e4df1dc5fb4ac5da6eb4dd700150f
calls/masked/HG04204_mat.cpgIsland.masked.bed	2211623	ce7a04400131aaa4b69d918cc5e1f1f7
calls/masked/HG04204_pat.cpgIsland.masked.bed	2154767	ce11d05c86833d8c88d5d4d617ba4cb4
calls/masked/HG04228_mat.cpgIsland.masked.bed	2121940	448200849654d6cfe3da0256bf35c984
calls/masked/HG04228_pat.cpgIsland.masked.bed	2111146	eda348102dd71082953ceec496c54ebf
calls/masked/HG06807_mat.cpgIsland.masked.bed	2080574	49879b02d20a960ac899a469518cbefb
calls/masked/HG06807_pat.cpgIsland.masked.bed	2077001	954b1aa0f7a2ba4f53315cbb857242cd
calls/masked/NA18505_hap1.cpgIsland.masked.bed	2218845	2e3a7a6f072e1b52ed06ed15895b4fbb
calls/masked/NA18505_hap2.cpgIsland.masked.bed	2231123	d8ca054cc90e5bcf8b1bbd166e2878a8
calls/masked/NA18508_hap1.cpgIsland.masked.bed	2250730	103c4102d2a52e62e3297543f351011c
calls/masked/NA18508_hap2.cpgIsland.masked.bed	2248949	85dfc37b9b85b66dc7e627a3d790c4ca
calls/masked/NA18522_hap1.cpgIsland.masked.bed	2123086	796df3e05793c4096fdc24c465d0fc50
calls/masked/NA18522_hap2.cpgIsland.masked.bed	2151662	01d8072047902224f870066497ba5f62
calls/masked/NA18565_hap1.cpgIsland.masked.bed	2172613	9044c659b3cfde8918dab427bec21daf
calls/masked/NA18565_hap2.cpgIsland.masked.bed	2187523	ffd08307a568c6940b355c1faad4a8df
calls/masked/NA18570_hap1.cpgIsland.masked.bed	2158061	ff99c4979a6e71d97e0d6a6d05254c43
calls/masked/NA18570_hap2.cpgIsland.masked.bed	2154973	43db69321942d69e9c889c971fcd61ee
calls/masked/NA18608_hap1.cpgIsland.masked.bed	2180238	d1cdba01fe1ed1deabd3347869110c1c
calls/masked/NA18608_hap2.cpgIsland.masked.bed	2207431	1c76ed2d5c96c94a89a28cbeb5d2816a
calls/masked/NA18620_hap1.cpgIsland.masked.bed	2205696	1f808efd37218845aa47eba671b54e01
calls/masked/NA18620_hap2.cpgIsland.masked.bed	2231272	a7939a791d337861f77d984ec240858c
calls/masked/NA18747_hap1.cpgIsland.masked.bed	2182416	cc50b5583ef9a0fd46fb7cd5d58879ee
calls/masked/NA18747_hap2.cpgIsland.masked.bed	2228256	7672421d16084152e8f139c0cbe84d61
calls/masked/NA18879_hap1.cpgIsland.masked.bed	2162388	d18155a8844969aa3dcfea6f4e708797
calls/masked/NA18879_hap2.cpgIsland.masked.bed	2236510	9a0568e8b72fdfa81f130ede356dd000
calls/masked/NA18906_mat.cpgIsland.masked.bed	2218986	4aa479e8d50b407bc70f6037b064b72a
calls/masked/NA18906_pat.cpgIsland.masked.bed	2183156	5959fb160f8495e5aaf01b05f2ef455e
calls/masked/NA18940_hap1.cpgIsland.masked.bed	2067419	5c3a62aa8be10fccf23eec63d28bce12
calls/masked/NA18940_hap2.cpgIsland.masked.bed	2104900	aa0b777affd808f0ee9916538eba37c0
calls/masked/NA18943_hap1.cpgIsland.masked.bed	2141416	381d6c0e6ecf4c0c118ddc27abe9d6fa
calls/masked/NA18943_hap2.cpgIsland.masked.bed	2151641	9c79a4a490514b367642491e7e142fce
calls/masked/NA18944_hap1.cpgIsland.masked.bed	2119490	d3498e4171701d9dd0982ec2b03e275d
calls/masked/NA18944_hap2.cpgIsland.masked.bed	2192261	482eabd28f937355822f716d6d786423
calls/masked/NA18945_hap1.cpgIsland.masked.bed	2093625	e4850e7d831594bfa9a7be47249ad722
calls/masked/NA18945_hap2.cpgIsland.masked.bed	2152973	2e789ca08927d0ad8959031981a71d06
calls/masked/NA18948_hap1.cpgIsland.masked.bed	2114572	8284caba34621b39fd6803342bccfdca
calls/masked/NA18948_hap2.cpgIsland.masked.bed	2241618	eec7c2741074d7e4a5daf77455e362f6
calls/masked/NA18952_hap1.cpgIsland.masked.bed	2165432	e5ca470ca742820d85e484f8541c0397
calls/masked/NA18952_hap2.cpgIsland.masked.bed	2181468	782d0c1670fd447d5bf735a10b37f3b3
calls/masked/NA18959_hap1.cpgIsland.masked.bed	2127883	208aadc12980671cad19e1d65d462429
calls/masked/NA18959_hap2.cpgIsland.masked.bed	2230750	4c3b528740586aac1058c697f8bfff1f
calls/masked/NA18960_hap1.cpgIsland.masked.bed	2117068	6689040efd74ed6ad117cef0f38a119c
calls/masked/NA18960_hap2.cpgIsland.masked.bed	2197591	544d366a101626e7592597d1b5bc0124
calls/masked/NA18967_hap1.cpgIsland.masked.bed	2129006	a64e47c2b4863b3a327129161106dba2
calls/masked/NA18967_hap2.cpgIsland.masked.bed	2156694	e5dc7ef6553e2f5c5cbfe16a85ae8ef9
calls/masked/NA18970_hap1.cpgIsland.masked.bed	2114190	8baacd78f0890dc352176d2f523f5c99
calls/masked/NA18970_hap2.cpgIsland.masked.bed	2199956	fc4fb0efb2004eb673fe137843f2555b
calls/masked/NA18971_hap1.cpgIsland.masked.bed	2185899	b3dde2e06288a43bab4ea3ed269c8534
calls/masked/NA18971_hap2.cpgIsland.masked.bed	2194669	f71b2491206c6829462c55ecdda0bb54
calls/masked/NA18974_hap1.cpgIsland.masked.bed	2145147	50e262af85c210c8c4d42c6a7526029a
calls/masked/NA18974_hap2.cpgIsland.masked.bed	2183825	128946725a2a9820d61c23986f75a984
calls/masked/NA18976_hap1.cpgIsland.masked.bed	2203925	bbcba0ce1a52c36e51177f0b9f411208
calls/masked/NA18976_hap2.cpgIsland.masked.bed	2225302	57715f9c73c36cbb035f21b81398b3ac
calls/masked/NA18982_hap1.cpgIsland.masked.bed	2190269	212f4fc68b0ed029feb831abbb3c4e2e
calls/masked/NA18982_hap2.cpgIsland.masked.bed	2224873	f7645ef9360e63350f2626708116e9bc
calls/masked/NA18983_hap1.cpgIsland.masked.bed	2177921	0db86b6449c650b249fd8d0352ba0d6c
calls/masked/NA18983_hap2.cpgIsland.masked.bed	2212753	46be88d3c01066e581cc0395563f3f17
calls/masked/NA19036_hap1.cpgIsland.masked.bed	2176176	ed3445311c25838dbddc22c5e4fc2d66
calls/masked/NA19036_hap2.cpgIsland.masked.bed	2202954	f0f6de8d9a9d2f8c84baf747ac09d48d
calls/masked/NA19043_hap1.cpgIsland.masked.bed	2140184	377585b00e458d7d259edb26bc47b648
calls/masked/NA19043_hap2.cpgIsland.masked.bed	2172442	a10441d0418a620d21fadded6c8b8d23
calls/masked/NA19087_hap1.cpgIsland.masked.bed	2258846	efbabb93147e834278d4f9af725fb278
calls/masked/NA19087_hap2.cpgIsland.masked.bed	2210642	8f42b373370f6bc2cbea2c5e462a2a60
calls/masked/NA19159_hap1.cpgIsland.masked.bed	2168224	e7433254adc102f2c31b7a59fc420e1c
calls/masked/NA19159_hap2.cpgIsland.masked.bed	2190473	a79f5d650cb168fe192a25372dadfc13
calls/masked/NA19185_hap1.cpgIsland.masked.bed	2179397	b29e3118d23cddcc4198d85024b74fde
calls/masked/NA19185_hap2.cpgIsland.masked.bed	2155052	d004dbb84ed39a85f5ce9e092bd08c5e
calls/masked/NA19240_mat.cpgIsland.masked.bed	2145305	9ead998e26fe8287c767d18c6df4f916
calls/masked/NA19240_pat.cpgIsland.masked.bed	2185214	b9c456b34a42eaeacdc447894a8f033e
calls/masked/NA19338_hap1.cpgIsland.masked.bed	2160162	94296dae63a74a503a53e7fa1e976a0c
calls/masked/NA19338_hap2.cpgIsland.masked.bed	2157201	ac33617131c343e566fe368d89419c5a
calls/masked/NA19391_hap1.cpgIsland.masked.bed	2193726	49d0842f4ca0c309b531cce3681f08dd
calls/masked/NA19391_hap2.cpgIsland.masked.bed	2171037	0e22242d5e739715ffbed89d50381224
calls/masked/NA19443_hap1.cpgIsland.masked.bed	2159436	87f0646afe410a44bad09a5fe2688738
calls/masked/NA19443_hap2.cpgIsland.masked.bed	2200147	f541dec154f729db2b69c9d65c4881ab
calls/masked/NA19468_hap1.cpgIsland.masked.bed	2199655	073f4577478c5ac238dd0346d3cb68de
calls/masked/NA19468_hap2.cpgIsland.masked.bed	2193503	4be0284df3f0a1f9ca2f5e338e64a4f6
calls/masked/NA19682_hap1.cpgIsland.masked.bed	2137972	afc041709eb1274c03f544c4a889ddb0
calls/masked/NA19682_hap2.cpgIsland.masked.bed	2236273	0a090affa1d5b290608f21b06caa26ce
calls/masked/NA19700_hap1.cpgIsland.masked.bed	2111642	bd639cc0004ddb9ef3971a10918ad32c
calls/masked/NA19700_hap2.cpgIsland.masked.bed	2190338	fc74c04e0df286324254d34157014bc8
calls/masked/NA19776_hap1.cpgIsland.masked.bed	2172245	6ad3af15f7edb6f8e90f2e9d2f1d84a0
calls/masked/NA19776_hap2.cpgIsland.masked.bed	2172075	51f511414da91c5febeacf65e356eee8
calls/masked/NA19835_hap1.cpgIsland.masked.bed	2215462	2d1de1d6cffe9d81a537ac289ed16082
calls/masked/NA19835_hap2.cpgIsland.masked.bed	2213905	b2e63f2bf135f516f25d0f239d431fab
calls/masked/NA19909_hap1.cpgIsland.masked.bed	2219193	90c96d0a4e97add7e55ed56cf2fa3d36
calls/masked/NA19909_hap2.cpgIsland.masked.bed	2181970	a7146e65e1389e0030dea2d92495db9c
calls/masked/NA20129_mat.cpgIsland.masked.bed	2174256	24d0bb83bcdf6c29163b055cb3efe944
calls/masked/NA20129_pat.cpgIsland.masked.bed	2149378	c9591398b983911109383177bff877b2
calls/masked/NA20282_hap1.cpgIsland.masked.bed	2246217	e7847b1f8f106a218c1fb447f401a1a7
calls/masked/NA20282_hap2.cpgIsland.masked.bed	2210625	e4f03edc1c51fa65ff7b6d9cc97f518d
calls/masked/NA20346_hap1.cpgIsland.masked.bed	2206695	d9f243478f3d2f299f5d307d98c6d408
calls/masked/NA20346_hap2.cpgIsland.masked.bed	2227659	f78c289838c6bc151715f9fecab448e3
calls/masked/NA20503_hap1.cpgIsland.masked.bed	2087528	4445353487b8de46318c4e0183320e29
calls/masked/NA20503_hap2.cpgIsland.masked.bed	2104940	c98176764249f6823e5a0c3e3646ff02
calls/masked/NA20752_hap1.cpgIsland.masked.bed	2158555	d0925074bfba2c68d8dc048d3b8cdb9b
calls/masked/NA20752_hap2.cpgIsland.masked.bed	2231732	96806fc1aefe11b7a727947c6fe11865
calls/masked/NA20762_hap1.cpgIsland.masked.bed	2032131	aecd9aa7f404bde61302a3ec75f412b5
calls/masked/NA20762_hap2.cpgIsland.masked.bed	2130661	27ddc61db980f64cbaa8820b20e6b4e4
calls/masked/NA20799_hap1.cpgIsland.masked.bed	2239944	5ab50b3cdda1d8a2fc6b2ecdc942e46c
calls/masked/NA20799_hap2.cpgIsland.masked.bed	2184157	0e01f3d54eeb029377e0321487492396
calls/masked/NA20805_hap1.cpgIsland.masked.bed	2129252	f6725ef9e49f40d688549377c348a544
calls/masked/NA20805_hap2.cpgIsland.masked.bed	2204953	984542d712ac98661583437cd770ad17
calls/masked/NA20806_hap1.cpgIsland.masked.bed	2055005	de1c98ba9351627926338414130263d6
calls/masked/NA20806_hap2.cpgIsland.masked.bed	2102953	fa726146adfac14bd779e84fea4cf9db
calls/masked/NA20809_hap1.cpgIsland.masked.bed	2178908	b5496f7dde7b82e0cd7f9629737c58f4
calls/masked/NA20809_hap2.cpgIsland.masked.bed	2216480	54328b88ff17cb0f976e4d7bbff69ab2
calls/masked/NA20827_hap1.cpgIsland.masked.bed	2023270	11d62ce57bfc05cf48f827c8ab023463
calls/masked/NA20827_hap2.cpgIsland.masked.bed	2071389	a773f9e6dd81cac2ddebbb14ac529a85
calls/masked/NA20850_hap1.cpgIsland.masked.bed	2132187	b74ebaafb1a10b47d09fd4d7ae4dbf56
calls/masked/NA20850_hap2.cpgIsland.masked.bed	2174439	5b68795d02c8ea14b9401534af8b8853
calls/masked/NA20870_hap1.cpgIsland.masked.bed	2129190	48766e2fcbaa8618ec2692c51fc4ef44
calls/masked/NA20870_hap2.cpgIsland.masked.bed	2198023	a4f2ed6cf3d0a68fcbed50ccc00863f2
calls/masked/NA20905_hap1.cpgIsland.masked.bed	2170546	f0b6254943231ea5f99351afe574290f
calls/masked/NA20905_hap2.cpgIsland.masked.bed	2235570	92478489b0face6882fc7789f37b1305
calls/masked/NA21093_hap1.cpgIsland.masked.bed	2135837	18a625584f07e3eafd868ec30b669d3b
calls/masked/NA21093_hap2.cpgIsland.masked.bed	2227397	75d6492c90bb1623158ed7f977626dc2
calls/masked/NA21102_hap1.cpgIsland.masked.bed	2201885	72da036b5b4ddb46fc9c1be1218b4b2a
calls/masked/NA21102_hap2.cpgIsland.masked.bed	2187692	50392f6da6270ac37424ae065812c9b3
calls/masked/NA21106_hap1.cpgIsland.masked.bed	2185977	1005b8eabcde9d1e12050ea333b645d3
calls/masked/NA21106_hap2.cpgIsland.masked.bed	2186931	a4044c6c7aa9cfe7565e262c72e6e4e3
calls/masked/NA21110_hap1.cpgIsland.masked.bed	2184540	7b14a605d5038e6a1254cb4b0be48a51
calls/masked/NA21110_hap2.cpgIsland.masked.bed	2147834	3b53b95ec70c59f480ba0cbe32c9ce3c
calls/masked/NA21144_hap1.cpgIsland.masked.bed	2183872	efaedc614a942c189881ddfc0f1a240a
calls/masked/NA21144_hap2.cpgIsland.masked.bed	2193384	ae666ec171df9ce003135c1d0df344bf
calls/masked/NA21309_mat.cpgIsland.masked.bed	2214233	ae8fcbff02038b86b30d53f846099a92
calls/masked/NA21309_pat.cpgIsland.masked.bed	2188084	62e60e45201edfe01c5d2a113d96302d
calls/unmasked/HG00097_hap1.cpgIsland.unmasked.bed	3993945	70b78aa47ea654287f5e029ae88fc4d6
calls/unmasked/HG00097_hap2.cpgIsland.unmasked.bed	3983823	ad01a8977f3f0cc55b67cf45d1851ee3
calls/unmasked/HG00099_hap1.cpgIsland.unmasked.bed	4044674	c3c683213ec4ef725c02d407a65d2fb6
calls/unmasked/HG00099_hap2.cpgIsland.unmasked.bed	3999182	21bbaa1902413a9d4c021b8992fcf8f5
calls/unmasked/HG00126_hap1.cpgIsland.unmasked.bed	3874370	be20b460b0916e37345c9bb1464985e7
calls/unmasked/HG00126_hap2.cpgIsland.unmasked.bed	3946841	474ecb878094b169179fa97851a6124f
calls/unmasked/HG00128_hap1.cpgIsland.unmasked.bed	3972940	03dc4009f5360ae4ed01e9d88ea5182f
calls/unmasked/HG00128_hap2.cpgIsland.unmasked.bed	3937951	d7dcb7894a1239e58df8240aeb57f0b3
calls/unmasked/HG00133_hap1.cpgIsland.unmasked.bed	3940038	3be5d2a549ebac22755f0434995d2f85
calls/unmasked/HG00133_hap2.cpgIsland.unmasked.bed	3937516	542997f53fb1ca3c69f534f5d8db20aa
calls/unmasked/HG00140_hap1.cpgIsland.unmasked.bed	3846718	69e05903d2c515ee0af0545fee297ec5
calls/unmasked/HG00140_hap2.cpgIsland.unmasked.bed	3942726	c604f4698eca1b20d582497c102024d7
calls/unmasked/HG00146_hap1.cpgIsland.unmasked.bed	4032177	a9e99a9dddc595a5c09e214a2a8075ae
calls/unmasked/HG00146_hap2.cpgIsland.unmasked.bed	4059940	1c4852580fa2ac8ac98d15b1a0973360
calls/unmasked/HG00232_hap1.cpgIsland.unmasked.bed	3991253	117f82baf8ecd9c2415cae99206a3bba
calls/unmasked/HG00232_hap2.cpgIsland.unmasked.bed	3989057	b8a38ee814a745f62a3f7aedd7236348
calls/unmasked/HG00235_hap1.cpgIsland.unmasked.bed	3996762	35d578ef9f74d5aa9fc9a44e79545639
calls/unmasked/HG00235_hap2.cpgIsland.unmasked.bed	3958126	3f7f3cc4b053ad330b642fabbbf34eaa
calls/unmasked/HG00253_hap1.cpgIsland.unmasked.bed	4003312	ca7c752ed212a5dfbcbe8b2205195f77
calls/unmasked/HG00253_hap2.cpgIsland.unmasked.bed	4076715	2e6b039f6977c6bfe611797966726239
calls/unmasked/HG00280_hap1.cpgIsland.unmasked.bed	3937397	c99229d214f914bfd83ff1f45e1ea6be
calls/unmasked/HG00280_hap2.cpgIsland.unmasked.bed	4018574	6be3429c1169f931be7c54ff561be32e
calls/unmasked/HG00290_hap1.cpgIsland.unmasked.bed	3856888	718edd66a8f2786f6698cf2541b4bcf0
calls/unmasked/HG00290_hap2.cpgIsland.unmasked.bed	4040637	f861a355267bbe4703e4536345223f35
calls/unmasked/HG002_mat.cpgIsland.unmasked.bed	3456447	1fc549b1108b87f501e0169a09ec3895
calls/unmasked/HG002_pat.cpgIsland.unmasked.bed	3352321	4c8f9060c51a8bb2b2584dc566b46a33
calls/unmasked/HG00320_hap1.cpgIsland.unmasked.bed	3979596	346a5f10e626e735554bde7bdc8f1f5a
calls/unmasked/HG00320_hap2.cpgIsland.unmasked.bed	3939931	5b4aa0e52c7dfb5716fd65c796be2777
calls/unmasked/HG00321_hap1.cpgIsland.unmasked.bed	3804729	ff313ff86be9176ee71a059a2b3bef76
calls/unmasked/HG00321_hap2.cpgIsland.unmasked.bed	3936359	918e707e6964b2db9a6ef58c4c53c006
calls/unmasked/HG00323_hap1.cpgIsland.unmasked.bed	3987264	4eb683ff9c064b67161e778180d321bc
calls/unmasked/HG00323_hap2.cpgIsland.unmasked.bed	3968129	9c22cd35ae1e15778da00e01c20e795a
calls/unmasked/HG00329_hap1.cpgIsland.unmasked.bed	3872108	c415a11442fbabcb783371d60e653f82
calls/unmasked/HG00329_hap2.cpgIsland.unmasked.bed	4060534	4dabdc89f02a48d5d6ce64b59f447d6c
calls/unmasked/HG00344_hap1.cpgIsland.unmasked.bed	4048595	ba50bda76ba5b614a90c193d6a875547
calls/unmasked/HG00344_hap2.cpgIsland.unmasked.bed	4005126	ac051c17630b58ec1e83fff0059567b6
calls/unmasked/HG00350_hap1.cpgIsland.unmasked.bed	4003887	e9c0f1929097dbf9c6e27cd2a2269939
calls/unmasked/HG00350_hap2.cpgIsland.unmasked.bed	4015030	1ad91dc937a983854fb5747572a8a7a1
calls/unmasked/HG00408_mat.cpgIsland.unmasked.bed	4001999	d12de5e3e8071641f7a05a3b0f084eb7
calls/unmasked/HG00408_pat.cpgIsland.unmasked.bed	4032469	232399582cbd75d5ca9668692ad6ae1a
calls/unmasked/HG00423_mat.cpgIsland.unmasked.bed	3986127	0ccd8d11b731f010a3e2051d0604e709
calls/unmasked/HG00423_pat.cpgIsland.unmasked.bed	3941741	b73776dab4a6898a7446c09acc4c9a8f
calls/unmasked/HG00438_mat.cpgIsland.unmasked.bed	3948066	94fd6358271f8331458b734422290ac6
calls/unmasked/HG00438_pat.cpgIsland.unmasked.bed	3910202	60856439c6e2c5b10e891cae706dba2f
calls/unmasked/HG00544_mat.cpgIsland.unmasked.bed	3974868	2c9f0b8ff460e414efb1d5c0fbe4d84a
calls/unmasked/HG00544_pat.cpgIsland.unmasked.bed	3993490	3f7255f749c965fe5ece3783604ff091
calls/unmasked/HG00558_mat.cpgIsland.unmasked.bed	3941379	0b0c1f6f815889ad0fdb8a0287fd789c
calls/unmasked/HG00558_pat.cpgIsland.unmasked.bed	3990806	14bb0ee1fd8b9feede9296972cfe3801
calls/unmasked/HG00597_mat.cpgIsland.unmasked.bed	3987225	44614ed9e63b0ba39801f3b3b627dfea
calls/unmasked/HG00597_pat.cpgIsland.unmasked.bed	4011652	6ded4241368508028e0cb8a2726a3539
calls/unmasked/HG005_mat.cpgIsland.unmasked.bed	3932434	989be5eca0d531b7f3b829280dba6951
calls/unmasked/HG005_pat.cpgIsland.unmasked.bed	3810205	23e8f8350d83fedbe4ff9f62f32352c9
calls/unmasked/HG00609_mat.cpgIsland.unmasked.bed	3948747	2ce35b064edf2ba2fdb5ec1be603dd48
calls/unmasked/HG00609_pat.cpgIsland.unmasked.bed	3923481	b1aea9a3dd56f7c9075a44008f9f9411
calls/unmasked/HG00621_mat.cpgIsland.unmasked.bed	3983059	cf870aa715fe35e24db462f6e5d6b683
calls/unmasked/HG00621_pat.cpgIsland.unmasked.bed	3861303	b30cea594ba07048988860f2ba1127c0
calls/unmasked/HG00639_mat.cpgIsland.unmasked.bed	4013176	7005a803651dcae20f4634b108d188e9
calls/unmasked/HG00639_pat.cpgIsland.unmasked.bed	3975991	5a563d01ba10fa2c5f56dbe323febfd4
calls/unmasked/HG00642_mat.cpgIsland.unmasked.bed	3959531	ffc6f1f1bc35078f55aacb1f668c6840
calls/unmasked/HG00642_pat.cpgIsland.unmasked.bed	3979307	8f496aa2fbe4be033c719ba2f269acba
calls/unmasked/HG00658_mat.cpgIsland.unmasked.bed	3980812	d17aa17ca6f89613afdfb97e556fbb64
calls/unmasked/HG00658_pat.cpgIsland.unmasked.bed	3871340	0e168d730b373f5a2ec0d7a2a65d13e3
calls/unmasked/HG00673_mat.cpgIsland.unmasked.bed	3976823	fe265114e957f7c9a835a9229513c28e
calls/unmasked/HG00673_pat.cpgIsland.unmasked.bed	3904311	b93903c5ce9d2a88417e5c069ca414fd
calls/unmasked/HG00706_mat.cpgIsland.unmasked.bed	3963974	ea459fd7fc664304edefb4c939c78010
calls/unmasked/HG00706_pat.cpgIsland.unmasked.bed	3873799	58499ef5691f8447c070ec760537d9b2
calls/unmasked/HG00733_mat.cpgIsland.unmasked.bed	4010463	fe17dc27506c54f6d39e973684ae9058
calls/unmasked/HG00733_pat.cpgIsland.unmasked.bed	4021527	db75193d411e8acfeb7dfab5958029a4
calls/unmasked/HG00735_mat.cpgIsland.unmasked.bed	4045584	a8552fb3ea4c61f1f55162076e52dee2
calls/unmasked/HG00735_pat.cpgIsland.unmasked.bed	4070000	3760be5f8b438f99c6357615c33a120e
calls/unmasked/HG00738_mat.cpgIsland.unmasked.bed	4043546	51bc15e90a661b59fe1974a3d123f501
calls/unmasked/HG00738_pat.cpgIsland.unmasked.bed	3891510	b6aa22e5e3ac85810356de394b2c00da
calls/unmasked/HG00741_mat.cpgIsland.unmasked.bed	4039466	0699ef766facb0d7ba2e986ecbdee598
calls/unmasked/HG00741_pat.cpgIsland.unmasked.bed	3995711	4315c4fdfd54e43a33e764f18752e4f5
calls/unmasked/HG01071_mat.cpgIsland.unmasked.bed	3968148	09e8d80e9c09ac1163f19b13b0079b6f
calls/unmasked/HG01071_pat.cpgIsland.unmasked.bed	3945000	117c9ea4191b8d2389642c84dc01c17d
calls/unmasked/HG01074_mat.cpgIsland.unmasked.bed	3997357	b7e9e531c9f70d05a408273b413fc322
calls/unmasked/HG01074_pat.cpgIsland.unmasked.bed	3917769	61cd59bc3a191795e558f33bdca978a3
calls/unmasked/HG01081_mat.cpgIsland.unmasked.bed	3953066	48600665b49c3a4620f1a86d755500b3
calls/unmasked/HG01081_pat.cpgIsland.unmasked.bed	3964158	a50718f0a160860a7e138c0af98e784b
calls/unmasked/HG01099_mat.cpgIsland.unmasked.bed	4040150	65a605e0c06e056f729c6a206d1adb48
calls/unmasked/HG01099_pat.cpgIsland.unmasked.bed	3837019	53eda48f858b10789660a6098371fb1c
calls/unmasked/HG01106_mat.cpgIsland.unmasked.bed	4016542	a021699c6d69a921036d3c0c09e9d2d6
calls/unmasked/HG01106_pat.cpgIsland.unmasked.bed	3862331	2098a20dbe72654991c374d22a85e795
calls/unmasked/HG01109_mat.cpgIsland.unmasked.bed	4045414	c683811a1ec6164cab6cbc8e6234e21a
calls/unmasked/HG01109_pat.cpgIsland.unmasked.bed	3890387	28e2aba1901057cc70abba5989f3c4da
calls/unmasked/HG01123_mat.cpgIsland.unmasked.bed	3946411	6b58b4bbce4c47e1f34b6a483dc338b0
calls/unmasked/HG01123_pat.cpgIsland.unmasked.bed	3987954	fa59e37d9b480abbb11a1635430623fe
calls/unmasked/HG01150_mat.cpgIsland.unmasked.bed	3937664	03bae5649b9f5fa63d044848e999e7bb
calls/unmasked/HG01150_pat.cpgIsland.unmasked.bed	3946175	3aed67705305471dad7ec0a5bcd80f02
calls/unmasked/HG01167_hap1.cpgIsland.unmasked.bed	3852677	29ef1bab4c37b50ffedc9c032bdbe5c9
calls/unmasked/HG01167_hap2.cpgIsland.unmasked.bed	3960282	431e1671c82cabfd87691c57a9c3f909
calls/unmasked/HG01175_mat.cpgIsland.unmasked.bed	3987845	eb65e3410615ff7a303a7e711080308e
calls/unmasked/HG01175_pat.cpgIsland.unmasked.bed	3971877	1a7aa9d1d08e98a1304439caceaa83ca
calls/unmasked/HG01192_mat.cpgIsland.unmasked.bed	3979147	79657cc1f82d5dc2638f397dd750b6da
calls/unmasked/HG01192_pat.cpgIsland.unmasked.bed	3880782	ed60bd5c1ea8ce91b20dc16c01c1a5d2
calls/unmasked/HG01243_mat.cpgIsland.unmasked.bed	4027732	9a59fff02ff99a9339ba8fd92fc28e85
calls/unmasked/HG01243_pat.cpgIsland.unmasked.bed	3902301	0b1ac7f068eb4efbcc53384ccf450089
calls/unmasked/HG01252_mat.cpgIsland.unmasked.bed	3982576	86f079afa1cde8c16de9d207beea02c9
calls/unmasked/HG01252_pat.cpgIsland.unmasked.bed	3885350	7b07809f5bcefb6497eff13e827a80f0
calls/unmasked/HG01255_mat.cpgIsland.unmasked.bed	3991145	1615134f859b48cd95e3a83c8ee7ed7f
calls/unmasked/HG01255_pat.cpgIsland.unmasked.bed	3843396	7200ee7a937fb1fd19426657c8c29008
calls/unmasked/HG01258_mat.cpgIsland.unmasked.bed	4025627	086dcc37c0c77ac8ae221bdda7180f5f
calls/unmasked/HG01258_pat.cpgIsland.unmasked.bed	3824067	a4a697d7040692f7261ca03b390dc751
calls/unmasked/HG01261_mat.cpgIsland.unmasked.bed	4008694	a8620fe46536f25528f257aa6eb7aedb
calls/unmasked/HG01261_pat.cpgIsland.unmasked.bed	3929782	f5bce5e4e7bd1ff503198843b6f89ed1
calls/unmasked/HG01346_mat.cpgIsland.unmasked.bed	4042424	83ed75242123ae51d080fa754ec038e7
calls/unmasked/HG01346_pat.cpgIsland.unmasked.bed	4024477	cde2f728e1278f3412daae2625238180
calls/unmasked/HG01358_mat.cpgIsland.unmasked.bed	3962234	543965281ed56cd3f963cbf4061af41e
calls/unmasked/HG01358_pat.cpgIsland.unmasked.bed	3860721	009e2523705057eaa72a8d0bd6ac2556
calls/unmasked/HG01361_mat.cpgIsland.unmasked.bed	3949290	6c15fe1312cfe494a96b177f232ba525
calls/unmasked/HG01361_pat.cpgIsland.unmasked.bed	3962392	228956dcb55124c80828f71f33a980a3
calls/unmasked/HG01433_mat.cpgIsland.unmasked.bed	3964438	72634c0cece77d7df583f394b21bdf94
calls/unmasked/HG01433_pat.cpgIsland.unmasked.bed	3951827	da76f887984ebb2c36baa2128347489e
calls/unmasked/HG01496_mat.cpgIsland.unmasked.bed	3905894	d827cb93a46b4cc103675c6c0cdd9980
calls/unmasked/HG01496_pat.cpgIsland.unmasked.bed	4005620	c7a15103d608743c0b0d657c9bd71c35
calls/unmasked/HG01530_hap1.cpgIsland.unmasked.bed	3882042	6b74e4ef4640f75e040400820d20f5be
calls/unmasked/HG01530_hap2.cpgIsland.unmasked.bed	4005163	b3ad8172fc9a340986d604d4ac1c9a36
calls/unmasked/HG01784_hap1.cpgIsland.unmasked.bed	3989824	77286292f4ea44078fdb33630ab2b55d
calls/unmasked/HG01784_hap2.cpgIsland.unmasked.bed	3987586	a9a454b4cc24516ee2ba7564c0f39b3a
calls/unmasked/HG01786_hap1.cpgIsland.unmasked.bed	4029222	ef27ad9c33b26be61bdca946a582c32d
calls/unmasked/HG01786_hap2.cpgIsland.unmasked.bed	4085261	e0fe74b58674eae925a8e49320bc97ec
calls/unmasked/HG01884_mat.cpgIsland.unmasked.bed	3983959	4c6857a44c01b564e24f87fb4531a69d
calls/unmasked/HG01884_pat.cpgIsland.unmasked.bed	3989155	d303897db06dc2fb37f96f81c50e11dc
calls/unmasked/HG01891_mat.cpgIsland.unmasked.bed	4059389	bab1307b67032bd3d506b8d14801b46a
calls/unmasked/HG01891_pat.cpgIsland.unmasked.bed	4059814	170e0d827a88e9e220f930f1c6372232
calls/unmasked/HG01928_mat.cpgIsland.unmasked.bed	3903706	d18f81f219aa5d265470fe0cefceeb7b
calls/unmasked/HG01928_pat.cpgIsland.unmasked.bed	3805778	b8b1e471b0bbeaee618d016ec78a9bc0
calls/unmasked/HG01934_mat.cpgIsland.unmasked.bed	3956270	c115c58413144cc0afcff15336546719
calls/unmasked/HG01934_pat.cpgIsland.unmasked.bed	3826851	48aa161a7732895097b53ca4cb9d21eb
calls/unmasked/HG01940_mat.cpgIsland.unmasked.bed	3941781	66581d1ecee9f087ac2fee311e30b00a
calls/unmasked/HG01940_pat.cpgIsland.unmasked.bed	3939109	0978988a5e425ef2b9c676db65da144b
calls/unmasked/HG01943_mat.cpgIsland.unmasked.bed	4064342	462a1c3fba981c79e6e62a7899a919f3
calls/unmasked/HG01943_pat.cpgIsland.unmasked.bed	3949825	0dc99179865c9c05db34c5d8315bc29f
calls/unmasked/HG01952_mat.cpgIsland.unmasked.bed	3971672	8f0952b6a091424ddc86aea444aa5427
calls/unmasked/HG01952_pat.cpgIsland.unmasked.bed	3940969	f6e2e58a09df2fea1e3c9033d336911c
calls/unmasked/HG01960_mat.cpgIsland.unmasked.bed	4080288	18a30e9475cc2cdfead087edd2f8bdcb
calls/unmasked/HG01960_pat.cpgIsland.unmasked.bed	3996525	d89f1f4c577f3d2d52e76f03534100f2
calls/unmasked/HG01969_mat.cpgIsland.unmasked.bed	3961859	7bc76a7497832b2aa183d0d22c1a618b
calls/unmasked/HG01969_pat.cpgIsland.unmasked.bed	3995574	c7c044e6c1a49556297631281f86e3ac
calls/unmasked/HG01975_mat.cpgIsland.unmasked.bed	3918768	aa050b8f93cecd9765e8cb8f032700b8
calls/unmasked/HG01975_pat.cpgIsland.unmasked.bed	4015190	c399745a42f03eee20e7fc657f2969b8
calls/unmasked/HG01978_mat.cpgIsland.unmasked.bed	3986626	46d7deb4fa6afc53dac2202c4fedc29c
calls/unmasked/HG01978_pat.cpgIsland.unmasked.bed	4018880	b8d105bc78be0af3503f11fb4bf48c5b
calls/unmasked/HG01981_mat.cpgIsland.unmasked.bed	4036366	1e88516376530d18e2f4ad5f6382d0ef
calls/unmasked/HG01981_pat.cpgIsland.unmasked.bed	4003902	e8aff9e42670e15681c95cbc94433561
calls/unmasked/HG01993_mat.cpgIsland.unmasked.bed	4047595	42e74427ce56a369d89f0f83b5c55689
calls/unmasked/HG01993_pat.cpgIsland.unmasked.bed	3982379	5e9dc6ccc2e17586d6db3165e18930fa
calls/unmasked/HG02004_mat.cpgIsland.unmasked.bed	4049216	c8941dcf160a74e6275f4ce97cce399c
calls/unmasked/HG02004_pat.cpgIsland.unmasked.bed	4067905	d53269c41b19584e47023fb2c5458dae
calls/unmasked/HG02015_mat.cpgIsland.unmasked.bed	4074060	5245932c7c76238012d4c5cf75ab57d0
calls/unmasked/HG02015_pat.cpgIsland.unmasked.bed	3985596	11f6f4f951afa96cb9673bd15741a939
calls/unmasked/HG02027_mat.cpgIsland.unmasked.bed	4028607	d430a5aa9c4f467000752f331fb66326
calls/unmasked/HG02027_pat.cpgIsland.unmasked.bed	3927228	fa9b32adb4971946833eb869a30c0a15
calls/unmasked/HG02040_hap1.cpgIsland.unmasked.bed	3890396	b5858c2558c9a8f021da534e30c67fa5
calls/unmasked/HG02040_hap2.cpgIsland.unmasked.bed	3976473	475748cd47922ff52f495ba6eab8f2a8
calls/unmasked/HG02055_mat.cpgIsland.unmasked.bed	4037205	80cbad6461e4d28a2d352994b2895ae3
calls/unmasked/HG02055_pat.cpgIsland.unmasked.bed	3943817	057f09276b2e7481fc381b2321db3a0d
calls/unmasked/HG02056_mat.cpgIsland.unmasked.bed	4047924	7dab74d3ff34a7b366b6a260fa5388bc
calls/unmasked/HG02056_pat.cpgIsland.unmasked.bed	3898074	84da5471281ff3a0d3eca0ff5216c571
calls/unmasked/HG02071_mat.cpgIsland.unmasked.bed	3994464	24acdf3307a7b8d2c83a303a544cbd02
calls/unmasked/HG02071_pat.cpgIsland.unmasked.bed	3871607	1ddbb61a7a1456bfd5d4ee947e2e74ef
calls/unmasked/HG02074_mat.cpgIsland.unmasked.bed	3982260	abc6c3bb4ae6b6746ef797678b615d1b
calls/unmasked/HG02074_pat.cpgIsland.unmasked.bed	3951813	dd405efb006008065bc1be180744a4a3
calls/unmasked/HG02080_mat.cpgIsland.unmasked.bed	3990765	c53593728e388932e2dca53f9aa8c463
calls/unmasked/HG02080_pat.cpgIsland.unmasked.bed	3998179	31d1ecd8262e3924abd0d33a866df837
calls/unmasked/HG02083_mat.cpgIsland.unmasked.bed	3993097	d6a726eebcedba179c0a3f51b79232c6
calls/unmasked/HG02083_pat.cpgIsland.unmasked.bed	3883277	d01a22b1dc6c85e7024f1774ca68079a
calls/unmasked/HG02109_mat.cpgIsland.unmasked.bed	4009546	58f87a0136386fae61bff6107c37bb73
calls/unmasked/HG02109_pat.cpgIsland.unmasked.bed	4004633	22866c2de622240957001abbd2b45d87
calls/unmasked/HG02129_mat.cpgIsland.unmasked.bed	4066911	71d6ca6556438f03d713102666c798c1
calls/unmasked/HG02129_pat.cpgIsland.unmasked.bed	3927507	457ae393b94ba265e4c153f76e4ac0a2
calls/unmasked/HG02132_mat.cpgIsland.unmasked.bed	3967577	e425d3d23052d682a030b5b3a712426c
calls/unmasked/HG02132_pat.cpgIsland.unmasked.bed	3943458	ad212f8a7424e0a195efe35debd1f9cb
calls/unmasked/HG02135_mat.cpgIsland.unmasked.bed	4068256	cf62d841e11de4c3bafe5a527764bd86
calls/unmasked/HG02135_pat.cpgIsland.unmasked.bed	3962957	197ee9135b1bf61ef0f39eb46e6abfae
calls/unmasked/HG02145_mat.cpgIsland.unmasked.bed	3975946	b20b801a17ad2a020182d7196e3709ba
calls/unmasked/HG02145_pat.cpgIsland.unmasked.bed	3859660	b63f3794ce15c28528fe03dd09b4a246
calls/unmasked/HG02148_mat.cpgIsland.unmasked.bed	4005594	92aa5bc99977484c4b9408215ae039a3
calls/unmasked/HG02148_pat.cpgIsland.unmasked.bed	4010760	53668452b9cb250ca4a99d5a089ad277
calls/unmasked/HG02155_hap1.cpgIsland.unmasked.bed	3996813	bc32dd802d4d12e7312ea243a82a9844
calls/unmasked/HG02155_hap2.cpgIsland.unmasked.bed	4042347	8f322f0ae095f2bb331a8f80c1e8156c
calls/unmasked/HG02165_hap1.cpgIsland.unmasked.bed	3971929	d6ab4287e40206a45d90835dc87fefe1
calls/unmasked/HG02165_hap2.cpgIsland.unmasked.bed	3988304	d77f3b80fc002c374fb82c1d91157dc3
calls/unmasked/HG02178_hap1.cpgIsland.unmasked.bed	3959853	4729d4b39f0cdfe5c392d928ca78465b
calls/unmasked/HG02178_hap2.cpgIsland.unmasked.bed	3966911	e4522a9f1cd2c9f64fdb4b79f4ba65d5
calls/unmasked/HG02257_mat.cpgIsland.unmasked.bed	3989323	1e5b3b916437ee54865ea58fe67d00ed
calls/unmasked/HG02257_pat.cpgIsland.unmasked.bed	4015227	eca6729e3242bbfd339a30be0485a47d
calls/unmasked/HG02258_mat.cpgIsland.unmasked.bed	3964914	572fe60878547c3cc9503dda640aae30
calls/unmasked/HG02258_pat.cpgIsland.unmasked.bed	3878380	5049b9afd5655e13317e33a2e43a1d37
calls/unmasked/HG02273_hap1.cpgIsland.unmasked.bed	4034314	7079c115d7482ffbbcb70ebe89fee9c3
calls/unmasked/HG02273_hap2.cpgIsland.unmasked.bed	4035635	8532ab08a3e71eb68c4e33f76ea5c79b
calls/unmasked/HG02280_mat.cpgIsland.unmasked.bed	4035294	9d55210fb9113f4f518c1a3d180918f0
calls/unmasked/HG02280_pat.cpgIsland.unmasked.bed	4047708	d0165e379d4f2c4e480e9c6dc133de38
calls/unmasked/HG02293_mat.cpgIsland.unmasked.bed	4032552	bd60202bff1328fea366ffc56127ec38
calls/unmasked/HG02293_pat.cpgIsland.unmasked.bed	4060365	81c672c5e93e953dde445292b83cf9d2
calls/unmasked/HG02300_mat.cpgIsland.unmasked.bed	4050584	d03ddf852aac83a7065496f4bef76591
calls/unmasked/HG02300_pat.cpgIsland.unmasked.bed	4059691	2e5fe40ca6b50d06d094a2df2cf01f4a
calls/unmasked/HG02391_hap1.cpgIsland.unmasked.bed	3870144	6667225d332f4d588ec50ba19aa658e8
calls/unmasked/HG02391_hap2.cpgIsland.unmasked.bed	3955408	c82df9a9dec3f70a2e15b755627c598e
calls/unmasked/HG02392_hap1.cpgIsland.unmasked.bed	3935536	134ca3353991a169cfdc8c1dea5c6c2e
calls/unmasked/HG02392_hap2.cpgIsland.unmasked.bed	4015055	bcb4a909da2f3760909ff79ed7fe20d6
calls/unmasked/HG02451_mat.cpgIsland.unmasked.bed	3993766	e617adaa8904b71da22dfa1db682893e
calls/unmasked/HG02451_pat.cpgIsland.unmasked.bed	4077729	d083e7f04b71db5c0002fa3cefad9ac1
calls/unmasked/HG02486_mat.cpgIsland.unmasked.bed	3954290	016c5d3e00e07cf7675d5da09ac18c0a
calls/unmasked/HG02486_pat.cpgIsland.unmasked.bed	3859972	e617d737d8124628a4036b22c02f7b19
calls/unmasked/HG02514_mat.cpgIsland.unmasked.bed	3953181	87492b39e06d34b5fd9990b35bdad058
calls/unmasked/HG02514_pat.cpgIsland.unmasked.bed	3843766	e6a50015a7dcd6668184e1ecf668fa80
calls/unmasked/HG02523_mat.cpgIsland.unmasked.bed	3940049	6428c3371faf8fb941fd3fcf67d3cd3e
calls/unmasked/HG02523_pat.cpgIsland.unmasked.bed	4025739	6e11626d742af440bacc53546114dd89
calls/unmasked/HG02559_mat.cpgIsland.unmasked.bed	4049157	3fbdf29f5161151b2afea7b047ff6786
calls/unmasked/HG02559_pat.cpgIsland.unmasked.bed	3993644	a311e351ba231f3086835bf5e356667f
calls/unmasked/HG02572_mat.cpgIsland.unmasked.bed	3975675	e5f6955af250b86e0fba13091c2a09ba
calls/unmasked/HG02572_pat.cpgIsland.unmasked.bed	3807344	8d8ee4d8bb836abca2c60022250c43cf
calls/unmasked/HG02583_hap1.cpgIsland.unmasked.bed	3970568	7387d130dd19753cc3e8e67e3bb948b8
calls/unmasked/HG02583_hap2.cpgIsland.unmasked.bed	3976007	7feedea13729c726a0f189ba031794b7
calls/unmasked/HG02602_mat.cpgIsland.unmasked.bed	3976272	3ea20711fc131c617feeef5aacef9688
calls/unmasked/HG02602_pat.cpgIsland.unmasked.bed	3875984	fb7eece35df163c59d54404b8d414640
calls/unmasked/HG02615_mat.cpgIsland.unmasked.bed	4050508	db2a74e38b13bc2c60342a7fc8d98e65
calls/unmasked/HG02615_pat.cpgIsland.unmasked.bed	4058869	51dc62983d8d1387484b0706b817030f
calls/unmasked/HG02622_mat.cpgIsland.unmasked.bed	4032119	4d9743d11f8c67a4e5c40a6a8499719f
calls/unmasked/HG02622_pat.cpgIsland.unmasked.bed	4038584	bb52def5f8fe21c30a89e533be64a850
calls/unmasked/HG02630_mat.cpgIsland.unmasked.bed	4025446	c49b3bd197f4830e1aa38fcab6aeeb0f
calls/unmasked/HG02630_pat.cpgIsland.unmasked.bed	4044003	d20f180cee5d1d47cd49424ceaec4077
calls/unmasked/HG02647_mat.cpgIsland.unmasked.bed	3974860	1f8b8731509c6271f61872603bb6bcd4
calls/unmasked/HG02647_pat.cpgIsland.unmasked.bed	3826970	a63c734dcd15c49d07b1f3dada2c7c62
calls/unmasked/HG02668_mat.cpgIsland.unmasked.bed	3963860	48338d5b7f6104895da83ed5eb771478
calls/unmasked/HG02668_pat.cpgIsland.unmasked.bed	3931010	e450e0beaf9a194c1a6765488ddc86e8
calls/unmasked/HG02698_mat.cpgIsland.unmasked.bed	4038197	bbe5f45cf1d9a2cf22afda71cbf5c30a
calls/unmasked/HG02698_pat.cpgIsland.unmasked.bed	3902295	9fad6a5fcef75c09380bcbc6d50b02de
calls/unmasked/HG02717_mat.cpgIsland.unmasked.bed	4015086	0673a64e56fa8778c4443414ceeb93bc
calls/unmasked/HG02717_pat.cpgIsland.unmasked.bed	3890481	6dfcdb060436fa60a76e66067000f0d2
calls/unmasked/HG02723_mat.cpgIsland.unmasked.bed	3932554	7ec39e1ece9290510d90ffd696bb45bf
calls/unmasked/HG02723_pat.cpgIsland.unmasked.bed	3932661	a1db3648126c9441b1a54db90709f377
calls/unmasked/HG02735_mat.cpgIsland.unmasked.bed	3999654	83a9017329233dd7ee3da7bb5bdb6c7c
calls/unmasked/HG02735_pat.cpgIsland.unmasked.bed	3860080	669589c54a9af63eb9e4405b92ad90fe
calls/unmasked/HG02738_mat.cpgIsland.unmasked.bed	3990897	e0d915d6640eca78effbe94e8c86c5d9
calls/unmasked/HG02738_pat.cpgIsland.unmasked.bed	3934265	c2161d6a4576697f162c7de2786e2215
calls/unmasked/HG02809_mat.cpgIsland.unmasked.bed	3973714	f986b113e071c494dbcabfdeda69859d
calls/unmasked/HG02809_pat.cpgIsland.unmasked.bed	3952103	92c487063dd6f4ee2b1e9b90b86fd079
calls/unmasked/HG02818_mat.cpgIsland.unmasked.bed	4023842	145f244df2bd55e8148568b7281b105d
calls/unmasked/HG02818_pat.cpgIsland.unmasked.bed	3997221	58d3119fcb91b935f19635e19deefcb9
calls/unmasked/HG02841_mat.cpgIsland.unmasked.bed	3963897	a8a5d078202cec3a62d508ef951cfb09
calls/unmasked/HG02841_pat.cpgIsland.unmasked.bed	3971267	3066ec64df08ab013dc7da3e9935d73a
calls/unmasked/HG02886_mat.cpgIsland.unmasked.bed	4014418	7cb3a04fb32ba2c47d37615dfd78e5e2
calls/unmasked/HG02886_pat.cpgIsland.unmasked.bed	4040777	41cb0828db6755cfdbd2dd137a39bb9d
calls/unmasked/HG02922_hap1.cpgIsland.unmasked.bed	4036718	a110f4409488aeb73057bf0ae7a42477
calls/unmasked/HG02922_hap2.cpgIsland.unmasked.bed	4054633	6abc9b44a4cb24abe3d9cb6e0df9a6f7
calls/unmasked/HG02965_hap1.cpgIsland.unmasked.bed	3846921	0db32d58cb54b53fa29245b6f473197c
calls/unmasked/HG02965_hap2.cpgIsland.unmasked.bed	3953759	e0e2a71ef23e9a00b1a1389ed36f309f
calls/unmasked/HG02976_hap1.cpgIsland.unmasked.bed	4089038	88cc5b359f3041f882f6e611947747bf
calls/unmasked/HG02976_hap2.cpgIsland.unmasked.bed	4039890	1525839160361918aefbd43604587fca
calls/unmasked/HG02984_mat.cpgIsland.unmasked.bed	3993491	7b22af10c7035d54c24adc57a5ed5559
calls/unmasked/HG02984_pat.cpgIsland.unmasked.bed	3831953	a21832e260ca35b3c7522a7c2139a1c7
calls/unmasked/HG03017_mat.cpgIsland.unmasked.bed	3957277	e504e501c1d272eb745ccbaa3518fc20
calls/unmasked/HG03017_pat.cpgIsland.unmasked.bed	3835147	f76e968b6620378456a35a19b82cb572
calls/unmasked/HG03041_mat.cpgIsland.unmasked.bed	3945143	28b5fa832ffbfedaf513aa22eb2d169c
calls/unmasked/HG03041_pat.cpgIsland.unmasked.bed	3935568	61e57d5a02c6f1ad30f487757def7e1d
calls/unmasked/HG03050_mat.cpgIsland.unmasked.bed	3983911	f6553ca7659dd484f70be7689ed525f8
calls/unmasked/HG03050_pat.cpgIsland.unmasked.bed	3864211	f563348507890ab3fd4309c318f48151
calls/unmasked/HG03098_mat.cpgIsland.unmasked.bed	4006698	d52d21b0e3ed5752da825dd0dc71fc79
calls/unmasked/HG03098_pat.cpgIsland.unmasked.bed	3864876	c18642c05712d5012eae1b67233be0fe
calls/unmasked/HG03130_hap1.cpgIsland.unmasked.bed	3902530	eca75f69e75c4c41fd2df5af142e4ee5
calls/unmasked/HG03130_hap2.cpgIsland.unmasked.bed	3992204	84b724900853253185611b902adf27fd
calls/unmasked/HG03139_hap1.cpgIsland.unmasked.bed	3880905	67b4d0b3bf35af067c1b787c116ac711
calls/unmasked/HG03139_hap2.cpgIsland.unmasked.bed	3990186	8ded5377acfdd9c822acefb808715843
calls/unmasked/HG03195_hap1.cpgIsland.unmasked.bed	4006169	ee7f41a34f3d5b68e1522f25f6691757
calls/unmasked/HG03195_hap2.cpgIsland.unmasked.bed	3981161	bfd46e1c86af82b5807d4a29b14d4b1b
calls/unmasked/HG03209_hap1.cpgIsland.unmasked.bed	3813344	5250bd3b710ba34da1d0afee5102a997
calls/unmasked/HG03209_hap2.cpgIsland.unmasked.bed	3967782	ad2d3a0df22ddeb52f569fe3c2d0ba34
calls/unmasked/HG03225_hap1.cpgIsland.unmasked.bed	3879297	6446e9f73ee9640b305a344bf7b18bfa
calls/unmasked/HG03225_hap2.cpgIsland.unmasked.bed	3983805	25c352cb94889063ddc5e2f380364d7f
calls/unmasked/HG03239_mat.cpgIsland.unmasked.bed	3965595	9804088978c097ab0949cc7ad0b9fe08
calls/unmasked/HG03239_pat.cpgIsland.unmasked.bed	3968715	c5c3ee83ca2c655cc337009263588304
calls/unmasked/HG03270_hap1.cpgIsland.unmasked.bed	4043702	43860d3e3e5707e52171503b2c60db35
calls/unmasked/HG03270_hap2.cpgIsland.unmasked.bed	4029232	c39b153254269fc41ac9bc92e57650db
calls/unmasked/HG03369_hap1.cpgIsland.unmasked.bed	4024510	24de86416ae27ff376012ec07e521216
calls/unmasked/HG03369_hap2.cpgIsland.unmasked.bed	3995248	be2e16695cc16e2eba474ebc6d999ad4
calls/unmasked/HG03453_mat.cpgIsland.unmasked.bed	4076861	178e1d532085610142be9de4e6e8d268
calls/unmasked/HG03453_pat.cpgIsland.unmasked.bed	4028607	3d4e10ebb7e55903fc0e0bdc8179b1a1
calls/unmasked/HG03470_hap1.cpgIsland.unmasked.bed	3970984	f715a6c206c76931599e04e9a323aad5
calls/unmasked/HG03470_hap2.cpgIsland.unmasked.bed	3939245	9e103b8d0348f3ac36195c296a3e63a0
calls/unmasked/HG03471_hap1.cpgIsland.unmasked.bed	3912092	99492597b33adb095d805ac317062b83
calls/unmasked/HG03471_hap2.cpgIsland.unmasked.bed	4008646	5ec32e92da2571aa027dc120d7857543
calls/unmasked/HG03486_mat.cpgIsland.unmasked.bed	4046037	8e1f04ed2f136f1d9017807fa66e0d4c
calls/unmasked/HG03486_pat.cpgIsland.unmasked.bed	3984145	30ff524a6b07390eb5cfac1525a8230c
calls/unmasked/HG03516_mat.cpgIsland.unmasked.bed	4002731	4ab826456b7d5190bebc7b46d2fba9f8
calls/unmasked/HG03516_pat.cpgIsland.unmasked.bed	3993160	7150ccba42065b485b4eb28a7da457ee
calls/unmasked/HG03521_hap1.cpgIsland.unmasked.bed	3869670	d7e02d01642ba3689815e09a4bed3c75
calls/unmasked/HG03521_hap2.cpgIsland.unmasked.bed	4072005	38c4e295902a2a0eb53c40c269719bf3
calls/unmasked/HG03540_mat.cpgIsland.unmasked.bed	4027134	9dc3f9a17c921ac0f8759ea36c583842
calls/unmasked/HG03540_pat.cpgIsland.unmasked.bed	4029061	76091ba9711cce04db66fa456aab6c45
calls/unmasked/HG03579_mat.cpgIsland.unmasked.bed	4006203	0da73bc804a83a4d7be1899734a7e3bf
calls/unmasked/HG03579_pat.cpgIsland.unmasked.bed	3817166	0de38c74e201200632120d50e9ff081a
calls/unmasked/HG03583_hap1.cpgIsland.unmasked.bed	4040864	397df28011d3876b3c63ddb1326f8927
calls/unmasked/HG03583_hap2.cpgIsland.unmasked.bed	4026396	924d0b068bea8f9e89731f0c9b10f95d
calls/unmasked/HG03654_mat.cpgIsland.unmasked.bed	4010855	5e71ddf1f73d234a5802de445cea776d
calls/unmasked/HG03654_pat.cpgIsland.unmasked.bed	3934680	9807ea19b9771e682b5339fa817fda78
calls/unmasked/HG03669_mat.cpgIsland.unmasked.bed	4038111	9a2935f91df1d8355eddd3a67cf15fd6
calls/unmasked/HG03669_pat.cpgIsland.unmasked.bed	4009984	fa208ec7a984a0a5048c0ed9dbe5cb70
calls/unmasked/HG03688_mat.cpgIsland.unmasked.bed	4040658	d1f39656856b450ab3c555485f2f394f
calls/unmasked/HG03688_pat.cpgIsland.unmasked.bed	3846317	c71244daf8dea81117f82c418dce9f3f
calls/unmasked/HG03704_mat.cpgIsland.unmasked.bed	4026470	013efc965c6309ee2908cf931574c86d
calls/unmasked/HG03704_pat.cpgIsland.unmasked.bed	4013042	e84ac9935103ba133e9ba132b8bb5793
calls/unmasked/HG03710_mat.cpgIsland.unmasked.bed	3956154	168fd8362a4e9e7068bcd2028717b4fd
calls/unmasked/HG03710_pat.cpgIsland.unmasked.bed	3891957	461ce50f5195085b3aa188433edb470a
calls/unmasked/HG03742_hap1.cpgIsland.unmasked.bed	3825271	471dfcc9ec56174ac183a252877e3a4b
calls/unmasked/HG03742_hap2.cpgIsland.unmasked.bed	4015936	3024b14fbf4a6843e7ff8df1c7c6b370
calls/unmasked/HG03784_hap1.cpgIsland.unmasked.bed	3979522	275a4d37c9a9b27c30f8db67b72b7c73
calls/unmasked/HG03784_hap2.cpgIsland.unmasked.bed	4043532	5b9449b942dbdc9b55f5ff3726447269
calls/unmasked/HG03804_mat.cpgIsland.unmasked.bed	3998092	cbe2b08468cf934dbb2ec81258bfc02f
calls/unmasked/HG03804_pat.cpgIsland.unmasked.bed	3991118	e178938306d69eb1276dc30e9d53a1eb
calls/unmasked/HG03816_mat.cpgIsland.unmasked.bed	3969157	8ea87389114653b2e02364452623a32a
calls/unmasked/HG03816_pat.cpgIsland.unmasked.bed	3986978	0ced9ac0e80ce9aa33a7940c36de6ab3
calls/unmasked/HG03831_mat.cpgIsland.unmasked.bed	4086168	f7f5a0c78f446e281d8ae969a967092b
calls/unmasked/HG03831_pat.cpgIsland.unmasked.bed	4035960	80ef2a1b7a3f8f6d0d9a2d169ec31817
calls/unmasked/HG03834_mat.cpgIsland.unmasked.bed	4005055	f6a3b3cff1ab432b37f69a269f7a4309
calls/unmasked/HG03834_pat.cpgIsland.unmasked.bed	3948544	2b0f12436a4dcf8c823c87939a98d499
calls/unmasked/HG03874_hap1.cpgIsland.unmasked.bed	3931124	7f038de6cb0772268461cbdda42702ff
calls/unmasked/HG03874_hap2.cpgIsland.unmasked.bed	3925989	eef6d949b2befb91a18298ca4e8909b2
calls/unmasked/HG03927_mat.cpgIsland.unmasked.bed	4008526	b22138d995847cb6002018f436096a63
calls/unmasked/HG03927_pat.cpgIsland.unmasked.bed	4023459	b8525d76c1a08b5d91fad39faa561206
calls/unmasked/HG03942_mat.cpgIsland.unmasked.bed	4034072	b8b1b7c9b21cb33033377f44a2887344
calls/unmasked/HG03942_pat.cpgIsland.unmasked.bed	3913427	f886d5470335470efa6d41e9dd77375e
calls/unmasked/HG04115_mat.cpgIsland.unmasked.bed	4047182	1a11acc79e4d8f72c2da4a63ce29b3a8
calls/unmasked/HG04115_pat.cpgIsland.unmasked.bed	3911882	627b62d953d9f2f5fd774038231eef2d
calls/unmasked/HG04157_mat.cpgIsland.unmasked.bed	4040746	af2f9d3394be30d4a6b78f5af156ffc0
calls/unmasked/HG04157_pat.cpgIsland.unmasked.bed	3894332	0436ddf7d5ab391183bbbdbca7142c5c
calls/unmasked/HG04160_mat.cpgIsland.unmasked.bed	4015678	03b6af24ba1102829815522070e8b840
calls/unmasked/HG04160_pat.cpgIsland.unmasked.bed	3888878	deee77d50893ddb7ebcf4e0bce79570a
calls/unmasked/HG04184_mat.cpgIsland.unmasked.bed	3983282	3fae987e1d5be2721218fa1e3ef2e5ae
calls/unmasked/HG04184_pat.cpgIsland.unmasked.bed	4018883	1fb07581a6437e8cc0befbf18724a200
calls/unmasked/HG04187_mat.cpgIsland.unmasked.bed	3981856	cd85f9bfc9c0e533c069476851f9f538
calls/unmasked/HG04187_pat.cpgIsland.unmasked.bed	3866903	da938fc8f7fbd247a9a7051ec85e1d12
calls/unmasked/HG04199_mat.cpgIsland.unmasked.bed	4029164	54654e34235cab54a36958ca303eeddd
calls/unmasked/HG04199_pat.cpgIsland.unmasked.bed	3873039	14f9b84c9a6bb1c37dd02c20b0269764
calls/unmasked/HG04204_mat.cpgIsland.unmasked.bed	4069507	f6cee2235ba02552bbf91a436e4cff31
calls/unmasked/HG04204_pat.cpgIsland.unmasked.bed	3936770	2edb6904468bdc8b2e710e883f004e3f
calls/unmasked/HG04228_mat.cpgIsland.unmasked.bed	3934722	12ab38a57d4f41ad0da288c47402cf6d
calls/unmasked/HG04228_pat.cpgIsland.unmasked.bed	3836783	a9e1070afbd045b4b749f481eac965d0
calls/unmasked/HG06807_mat.cpgIsland.unmasked.bed	3846802	79c8d5ee7170c7f9aa12d23b4cc88d62
calls/unmasked/HG06807_pat.cpgIsland.unmasked.bed	3853510	12eb1b71748adcfe41a8fbecc7bc17dd
calls/unmasked/NA18505_hap1.cpgIsland.unmasked.bed	4056012	a618a7e0aae293cb2676f83ca58130df
calls/unmasked/NA18505_hap2.cpgIsland.unmasked.bed	4085738	32bb28c83b8dd4e2fe55df3cb6fc8d70
calls/unmasked/NA18508_hap1.cpgIsland.unmasked.bed	4101589	13c565f3d7fe7d19e8d87601eea5c9c7
calls/unmasked/NA18508_hap2.cpgIsland.unmasked.bed	4094582	758c3548201833f93c4be17f0eb6f25b
calls/unmasked/NA18522_hap1.cpgIsland.unmasked.bed	3858748	ed5e0ffbbb31072a3ca1c69e678d1f8e
calls/unmasked/NA18522_hap2.cpgIsland.unmasked.bed	3947460	a43b5b257bc3903aa81fb41c332b7e42
calls/unmasked/NA18565_hap1.cpgIsland.unmasked.bed	3989432	e341fe1e83290f8a98b42b48f4180a18
calls/unmasked/NA18565_hap2.cpgIsland.unmasked.bed	4017503	925a19eeff92b32012a74f84e1f9cb4b
calls/unmasked/NA18570_hap1.cpgIsland.unmasked.bed	3918436	4a9bb2fe63fade9ab46051378475b571
calls/unmasked/NA18570_hap2.cpgIsland.unmasked.bed	3943244	43106f5226b2fa139903017e41bfa9ab
calls/unmasked/NA18608_hap1.cpgIsland.unmasked.bed	3964373	6f891235c361666fe5252709a1b22d19
calls/unmasked/NA18608_hap2.cpgIsland.unmasked.bed	4008329	376e1db285cbac5b955b4b2e54610967
calls/unmasked/NA18620_hap1.cpgIsland.unmasked.bed	3945073	c96dc0e01045dbb5a4a654ad4aa7bfce
calls/unmasked/NA18620_hap2.cpgIsland.unmasked.bed	4049670	8cecbda7398ca30ff3e2ef6778f2a1ce
calls/unmasked/NA18747_hap1.cpgIsland.unmasked.bed	3974654	94574e35c7031a00415838e2ea8dd2a4
calls/unmasked/NA18747_hap2.cpgIsland.unmasked.bed	4058372	1c9ef8a270e7b8e0675d686163ed4d8a
calls/unmasked/NA18879_hap1.cpgIsland.unmasked.bed	3902693	f2fa3f6cfa535a3ab5f2bb5e0ac3d688
calls/unmasked/NA18879_hap2.cpgIsland.unmasked.bed	4048289	1f989cafbb8d14c3d2078783dd260612
calls/unmasked/NA18906_mat.cpgIsland.unmasked.bed	4041510	9eefabf43609d2f5956417f9dc1ab5b6
calls/unmasked/NA18906_pat.cpgIsland.unmasked.bed	3981004	03b38507826604ce49ef0987452804f9
calls/unmasked/NA18940_hap1.cpgIsland.unmasked.bed	3799940	fdc0042a5f149ae59655e669a9634637
calls/unmasked/NA18940_hap2.cpgIsland.unmasked.bed	3883604	aabaa2d2030170607aee26f1f0349600
calls/unmasked/NA18943_hap1.cpgIsland.unmasked.bed	3898175	5b0a843f50b547e18b027bf28aa00fef
calls/unmasked/NA18943_hap2.cpgIsland.unmasked.bed	3946575	75b4af478d6ed22107d87f5e9c158a41
calls/unmasked/NA18944_hap1.cpgIsland.unmasked.bed	3831387	04084580e5ef6716c7b39a4ceac39432
calls/unmasked/NA18944_hap2.cpgIsland.unmasked.bed	3981098	7d9b3a482944329893533a724a50c642
calls/unmasked/NA18945_hap1.cpgIsland.unmasked.bed	3858869	e992285ed3054031706ad832073b8ac0
calls/unmasked/NA18945_hap2.cpgIsland.unmasked.bed	3968214	e7d303796a13c93145d4d5104141f4ac
calls/unmasked/NA18948_hap1.cpgIsland.unmasked.bed	3820829	b39e46d5aaecf53d29c69e19b99bb350
calls/unmasked/NA18948_hap2.cpgIsland.unmasked.bed	4066507	daabe55e64ae713d3925882b84ec774c
calls/unmasked/NA18952_hap1.cpgIsland.unmasked.bed	3911350	9df0309a1d753db52a150887139c9310
calls/unmasked/NA18952_hap2.cpgIsland.unmasked.bed	4006082	cc1490244d29d9067a3ce3b6507dbe87
calls/unmasked/NA18959_hap1.cpgIsland.unmasked.bed	3847404	ca5d54fc583f38c26352c8e51d59bfb5
calls/unmasked/NA18959_hap2.cpgIsland.unmasked.bed	4058371	4305ccc96040defb06626a76a809a26a
calls/unmasked/NA18960_hap1.cpgIsland.unmasked.bed	3825659	ef6c2fed2096b6e1feb601ee847c9763
calls/unmasked/NA18960_hap2.cpgIsland.unmasked.bed	3978918	cfd202797e0823202a8f1a9eae2c2c02
calls/unmasked/NA18967_hap1.cpgIsland.unmasked.bed	3895993	cab470281530f7a4ed0194c724512c7d
calls/unmasked/NA18967_hap2.cpgIsland.unmasked.bed	3939885	87583ed7637345ce9d72aedce103ba9d
calls/unmasked/NA18970_hap1.cpgIsland.unmasked.bed	3825752	de0a332773e015c1ca98089647c9ff4c
calls/unmasked/NA18970_hap2.cpgIsland.unmasked.bed	3995805	f80fb457204ad1962bcdd29387f4e7b9
calls/unmasked/NA18971_hap1.cpgIsland.unmasked.bed	3941081	d881ac97ea934b18060b7f9f6c095f31
calls/unmasked/NA18971_hap2.cpgIsland.unmasked.bed	3973649	67654b1bee13ed8d8f0b8504bd2f01a8
calls/unmasked/NA18974_hap1.cpgIsland.unmasked.bed	3882010	1b944d21ad070f1ced6f6f45f905dd82
calls/unmasked/NA18974_hap2.cpgIsland.unmasked.bed	3969682	9274ff18298dc53e08bf4583cea11e0e
calls/unmasked/NA18976_hap1.cpgIsland.unmasked.bed	4031363	e9fadc790723bbc28c1412451d41900a
calls/unmasked/NA18976_hap2.cpgIsland.unmasked.bed	4073251	7bf025969fe9f79d6901350dbd7154ab
calls/unmasked/NA18982_hap1.cpgIsland.unmasked.bed	3949221	9a87d5095bc33cfc9c39c745f58d1603
calls/unmasked/NA18982_hap2.cpgIsland.unmasked.bed	4020922	a3e8bf4d15d9b434c41695361a786487
calls/unmasked/NA18983_hap1.cpgIsland.unmasked.bed	3894869	17fd5d00221f63f9cf5a60dbae86bf4d
calls/unmasked/NA18983_hap2.cpgIsland.unmasked.bed	4018989	89b2222f695b3ac4d646704f61afdf00
calls/unmasked/NA19036_hap1.cpgIsland.unmasked.bed	3978565	fe031b03686a9ed32d208e98c33e3bca
calls/unmasked/NA19036_hap2.cpgIsland.unmasked.bed	4025324	2080ac1315f988813e921927df6146da
calls/unmasked/NA19043_hap1.cpgIsland.unmasked.bed	3907330	f05ab8e990488d85c916fc7e1bad8f64
calls/unmasked/NA19043_hap2.cpgIsland.unmasked.bed	3992755	01a658c761a71a45977f1d08c068e2b0
calls/unmasked/NA19087_hap1.cpgIsland.unmasked.bed	4011059	865396a4c1e417a2561f980a062b064e
calls/unmasked/NA19087_hap2.cpgIsland.unmasked.bed	3980467	fa50688def12d47ec829e2a955edfbf3
calls/unmasked/NA19159_hap1.cpgIsland.unmasked.bed	3934857	bd56585f0998b6169b8f25bf5991e60a
calls/unmasked/NA19159_hap2.cpgIsland.unmasked.bed	3957241	87129e8541b559887496a3e8ad9f109e
calls/unmasked/NA19185_hap1.cpgIsland.unmasked.bed	3952248	c529657eeeac3237f0cc0e979f91eeec
calls/unmasked/NA19185_hap2.cpgIsland.unmasked.bed	3929243	bf34e2c09a667f571248f3e8bd872493
calls/unmasked/NA19240_mat.cpgIsland.unmasked.bed	3948741	bdecb921fb7820bb3d53b3cd7c2f8774
calls/unmasked/NA19240_pat.cpgIsland.unmasked.bed	3991575	5661b97d906e1dd7a0e09e5205b525ea
calls/unmasked/NA19338_hap1.cpgIsland.unmasked.bed	3949875	e4a80ee876f26b086dfc231a71b5d985
calls/unmasked/NA19338_hap2.cpgIsland.unmasked.bed	3962027	3fb73d62c7d02b1d846a299d07bbd3cd
calls/unmasked/NA19391_hap1.cpgIsland.unmasked.bed	4020970	41a5640aac1f21041bd81f3acc008b7e
calls/unmasked/NA19391_hap2.cpgIsland.unmasked.bed	3979186	c67d823c88d786c6ae4adae5cc47c368
calls/unmasked/NA19443_hap1.cpgIsland.unmasked.bed	3900452	17d31dcb199a31b7209474f92b6c3838
calls/unmasked/NA19443_hap2.cpgIsland.unmasked.bed	4005659	9e2145f43aca728d0f8b61ab7dd3321d
calls/unmasked/NA19468_hap1.cpgIsland.unmasked.bed	4000480	09868b2ff03b9d0f98ea6e825f227510
calls/unmasked/NA19468_hap2.cpgIsland.unmasked.bed	4005938	98f7a5a68ed14ea7bfeb6fa427f75b74
calls/unmasked/NA19682_hap1.cpgIsland.unmasked.bed	3844431	735a761ad19a9bcf3800ba674097d179
calls/unmasked/NA19682_hap2.cpgIsland.unmasked.bed	4052099	2e1008869131d3e920bbd2424ef5ad2a
calls/unmasked/NA19700_hap1.cpgIsland.unmasked.bed	3843887	1bab250f07c6a5a30438b80c927a66e9
calls/unmasked/NA19700_hap2.cpgIsland.unmasked.bed	3976916	b7887277c6ef1c427b571092b154232d
calls/unmasked/NA19776_hap1.cpgIsland.unmasked.bed	3954745	852c051f0e57ebbf9649c2d4094d5603
calls/unmasked/NA19776_hap2.cpgIsland.unmasked.bed	3947909	f1767f9305899528b4e25325151d5e17
calls/unmasked/NA19835_hap1.cpgIsland.unmasked.bed	4009633	f687b4f04cda1e5be902b903c619e7b1
calls/unmasked/NA19835_hap2.cpgIsland.unmasked.bed	4030033	565546d65783652a12e3b4515b97e1a7
calls/unmasked/NA19909_hap1.cpgIsland.unmasked.bed	4051981	57ed5183a05ff5fe7e7ad885f3c0fcd7
calls/unmasked/NA19909_hap2.cpgIsland.unmasked.bed	3982427	4a122c6efb7d4e087bd4fc519ec4d102
calls/unmasked/NA20129_mat.cpgIsland.unmasked.bed	3991666	8832e3462d8bf301aca0cb30e03740cd
calls/unmasked/NA20129_pat.cpgIsland.unmasked.bed	3979679	91e5c3d2940342221edfad80be3f6e51
calls/unmasked/NA20282_hap1.cpgIsland.unmasked.bed	4089813	46036c6b1fe5c7b30628e9ff7452a0c0
calls/unmasked/NA20282_hap2.cpgIsland.unmasked.bed	4039811	694ab5eb781b79ed97c6f59d21baa93e
calls/unmasked/NA20346_hap1.cpgIsland.unmasked.bed	3961122	ec79980d3f64256e41bd86b3fb994349
calls/unmasked/NA20346_hap2.cpgIsland.unmasked.bed	4003798	7dc41a335630697b3a5a47b5ddcc88e0
calls/unmasked/NA20503_hap1.cpgIsland.unmasked.bed	3889826	a9aa121bcb1e7af940c40be5fd84d549
calls/unmasked/NA20503_hap2.cpgIsland.unmasked.bed	3918204	b0e86eb6c738b02ac9e71d1970a7f122
calls/unmasked/NA20752_hap1.cpgIsland.unmasked.bed	3897746	afd8551809a5935b7646a93c4ebcdbaf
calls/unmasked/NA20752_hap2.cpgIsland.unmasked.bed	4036449	cd36f6a2588de5ea980d3eb67f4c528d
calls/unmasked/NA20762_hap1.cpgIsland.unmasked.bed	3771515	432163932c17066ec4791e6d908e6bcb
calls/unmasked/NA20762_hap2.cpgIsland.unmasked.bed	3933902	7470b6f29516cb6e8b351faf04200e2f
calls/unmasked/NA20799_hap1.cpgIsland.unmasked.bed	4003334	ef8c8dd8f1456e0ab8d12810d5da34aa
calls/unmasked/NA20799_hap2.cpgIsland.unmasked.bed	3939210	8390f2267e09c0473c2a9ad556b00e34
calls/unmasked/NA20805_hap1.cpgIsland.unmasked.bed	3873210	faf4fb75da4e7c73ac8341b854595b81
calls/unmasked/NA20805_hap2.cpgIsland.unmasked.bed	4042442	0f5d0cbcb7c3af3bb7f76715446bdad7
calls/unmasked/NA20806_hap1.cpgIsland.unmasked.bed	3804210	65ab9ea604cde68e2c6247d14fac8c36
calls/unmasked/NA20806_hap2.cpgIsland.unmasked.bed	3926621	9c4ead82bdf4da806330f89558d561af
calls/unmasked/NA20809_hap1.cpgIsland.unmasked.bed	3959742	60188f7b77248928d41ff1906ae8ee0e
calls/unmasked/NA20809_hap2.cpgIsland.unmasked.bed	4064924	93951801ddfeac20b6528ffe306352af
calls/unmasked/NA20827_hap1.cpgIsland.unmasked.bed	3736655	2568617d692bb5e2d2bad957376e56f9
calls/unmasked/NA20827_hap2.cpgIsland.unmasked.bed	3843389	49bf12d6ad0ca7497ffd4ef069848a90
calls/unmasked/NA20850_hap1.cpgIsland.unmasked.bed	3897205	16c69a0f512e93bc87d370f21baa0cff
calls/unmasked/NA20850_hap2.cpgIsland.unmasked.bed	3980602	dc6b188d5df4ad3f89d8c6f99c6959c4
calls/unmasked/NA20870_hap1.cpgIsland.unmasked.bed	3880565	94c7aaf34bbc3c9db950e9742e9ecba7
calls/unmasked/NA20870_hap2.cpgIsland.unmasked.bed	4001821	195897d2592901b6068ac31a555907e1
calls/unmasked/NA20905_hap1.cpgIsland.unmasked.bed	3896750	c4816ef06e22c2959c0197183f2be1ea
calls/unmasked/NA20905_hap2.cpgIsland.unmasked.bed	4048854	ed19c05715178571fd20dfbaee7fa59d
calls/unmasked/NA21093_hap1.cpgIsland.unmasked.bed	3880112	d16a29648952afec0eb1af9c0c438811
calls/unmasked/NA21093_hap2.cpgIsland.unmasked.bed	4062556	4a3c631ff486e3114080f71891514c8c
calls/unmasked/NA21102_hap1.cpgIsland.unmasked.bed	4009350	8c68cdffd0d8c53bd36a7d22d1896950
calls/unmasked/NA21102_hap2.cpgIsland.unmasked.bed	4020438	f51824d405ee95f1a958b1cd357c58cf
calls/unmasked/NA21106_hap1.cpgIsland.unmasked.bed	3971023	36a2968867c60e87cc0a696f6441e85b
calls/unmasked/NA21106_hap2.cpgIsland.unmasked.bed	3991831	f2b59ec5452ea2ce25c5ebbd763ef875
calls/unmasked/NA21110_hap1.cpgIsland.unmasked.bed	3961567	dbf06661269e6b3c091be8db49decb6c
calls/unmasked/NA21110_hap2.cpgIsland.unmasked.bed	3924265	dc648886036621e545a73b1dc397944a
calls/unmasked/NA21144_hap1.cpgIsland.unmasked.bed	3935946	0b94f17a97dfc97d6af4acd8f545a8b3
calls/unmasked/NA21144_hap2.cpgIsland.unmasked.bed	3950575	e6cc8acfb5f3aae9b87c17b36006b1fb
calls/unmasked/NA21309_mat.cpgIsland.unmasked.bed	4052015	ae186d2667626b868400ca904637e1dd
calls/unmasked/NA21309_pat.cpgIsland.unmasked.bed	4020661	9269ad08632cda35c46e06efe30ed853
catalogue/PanCGI_allele_haplotype_membership.tsv.gz	254158894	22c043fc71291ddee2f4faf119e586c0
catalogue/PanCGI_alleles.tsv.gz	4269043	f47acb50c5f1cd70d68beb19e66ee214
catalogue/PanCGI_loci.tsv.gz	559815	f5e8ec5dece0c83b9237eee06b170eea
catalogue/PanCGI_members.tsv.gz	386521189	a02f62b514a84abac72451d71d30a27c
evolution/PanCGI_trajectories.tsv.gz	56583	8b8dd7b9684d68f65a21e336f09f4ce8
genotypes/PanCGI_allele_haplotype_states.tsv.gz	2181081	d8c253d8a78310b5d9006556b429113e
genotypes/PanCGI_locus_haplotype_states.tsv.gz	715532	21ed4ef2a18d35293f73512ffc5ebc0c
metadata/CGI_BED_files.tsv	116333	865d51652589a483563be90083e65e71
metadata/FIELDS.tsv	14353	96cd29383269b8e8fdeefa6407fab3d8
metadata/assemblies.tsv	306450	26da05c999fee7267f114bb967d2bde4
metadata/assembly_contigs.tsv.gz	246314	20ae87afe078520a801af66c23c3f705
sequences/PanCGI_alleles.fa.gz	9808464	83effca128d2e0f349c805c3a82e18d4
